"NAME";"ORIGINAL SIZE";"AFTER RESTRICTING TO DATASET";"STATUS"
"ABC_TRANSPORTERS (hsa02010)";44;41;""
"ACUTE_MYELOID_LEUKEMIA (hsa05221)";57;55;""
"ADHERENS_JUNCTION (hsa04520)";73;72;""
"ADIPOCYTOKINE_SIGNALING_PATHWAY (hsa04920)";67;57;""
"ALANINE_ASPARTATE_AND_GLUTAMATE_METABOLISM (hsa00250)";32;30;""
"ALDOSTERONE_REGULATED_SODIUM_REABSORPTION (hsa04960)";42;34;""
"ALLOGRAFT_REJECTION (hsa05330)";37;23;""
"ALPHA_LINOLENIC_ACID_METABOLISM (hsa00592)";19;15;""
"ALZHEIMERS_DISEASE (hsa05010)";167;154;""
"AMINOACYL_TRNA_BIOSYNTHESIS (hsa00970)";41;41;""
"AMINO_SUGAR_AND_NUCLEOTIDE_SUGAR_METABOLISM (hsa00520)";44;41;""
"AMYOTROPHIC_LATERAL_SCLEROSIS_ALS (hsa05014)";53;49;""
"ANTIGEN_PROCESSING_AND_PRESENTATION (hsa04612)";88;55;""
"APOPTOSIS (hsa04210)";87;81;""
"ARACHIDONIC_ACID_METABOLISM (hsa00590)";58;43;""
"ARGININE_AND_PROLINE_METABOLISM (hsa00330)";54;50;""
"ARRHYTHMOGENIC_RIGHT_VENTRICULAR_CARDIOMYOPATHY_ARVC (hsa05412)";74;72;""
"ASCORBATE_AND_ALDARATE_METABOLISM (hsa00053)";25;NA;"Rejected!"
"ASTHMA (hsa05310)";30;16;""
"AUTOIMMUNE_THYROID_DISEASE (hsa05320)";52;29;""
"AXON_GUIDANCE (hsa04360)";129;126;""
"BASAL_CELL_CARCINOMA (hsa05217)";55;52;""
"BASAL_TRANSCRIPTION_FACTORS (hsa03022)";35;31;""
"BASE_EXCISION_REPAIR (hsa03410)";35;32;""
"BETA_ALANINE_METABOLISM (hsa00410)";22;22;""
"BIOSYNTHESIS_OF_UNSATURATED_FATTY_ACIDS (hsa01040)";22;21;""
"BLADDER_CANCER (hsa05219)";42;40;""
"BUTANOATE_METABOLISM (hsa00650)";34;30;""
"B_CELL_RECEPTOR_SIGNALING_PATHWAY (hsa04662)";75;69;""
"CALCIUM_SIGNALING_PATHWAY (hsa04020)";178;155;""
"CARDIAC_MUSCLE_CONTRACTION (hsa04260)";79;71;""
"CELL_ADHESION_MOLECULES_CAMS (hsa04514)";133;116;""
"CELL_CYCLE (hsa04110)";125;121;""
"CHEMOKINE_SIGNALING_PATHWAY (hsa04062)";188;155;""
"CHRONIC_MYELOID_LEUKEMIA (hsa05220)";73;71;""
"CIRCADIAN_RHYTHM_MAMMAL (hsa04710)";13;NA;"Rejected!"
"CITRATE_CYCLE_TCA_CYCLE (hsa00020)";32;28;""
"COLORECTAL_CANCER (hsa05210)";62;60;""
"COMPLEMENT_AND_COAGULATION_CASCADES (hsa04610)";69;63;""
"CYSTEINE_AND_METHIONINE_METABOLISM (hsa00270)";34;32;""
"CYTOKINE_CYTOKINE_RECEPTOR_INTERACTION (hsa04060)";264;185;""
"CYTOSOLIC_DNA_SENSING_PATHWAY (hsa04623)";55;35;""
"DILATED_CARDIOMYOPATHY (hsa05414)";90;84;""
"DNA_REPLICATION (hsa03030)";36;34;""
"DORSO_VENTRAL_AXIS_FORMATION (hsa04320)";24;21;""
"DRUG_METABOLISM_CYTOCHROME_P450 (hsa00982)";72;48;""
"DRUG_METABOLISM_OTHER_ENZYMES (hsa00983)";51;35;""
"ECM_RECEPTOR_INTERACTION (hsa04512)";84;79;""
"ENDOCYTOSIS (hsa04144)";181;174;""
"ENDOMETRIAL_CANCER (hsa05213)";52;50;""
"EPITHELIAL_CELL_SIGNALING_IN_HELICOBACTER_PYLORI_INFECTION (hsa05120)";68;63;""
"ERBB_SIGNALING_PATHWAY (hsa04012)";87;84;""
"ETHER_LIPID_METABOLISM (hsa00565)";33;29;""
"FATTY_ACID_METABOLISM (hsa00071)";42;37;""
"FC_EPSILON_RI_SIGNALING_PATHWAY (hsa04664)";79;69;""
"FC_GAMMA_R_MEDIATED_PHAGOCYTOSIS (hsa04666)";96;89;""
"FOCAL_ADHESION (hsa04510)";199;191;""
"FOLATE_BIOSYNTHESIS (hsa00790)";11;NA;"Rejected!"
"FRUCTOSE_AND_MANNOSE_METABOLISM (hsa00051)";34;31;""
"GALACTOSE_METABOLISM (hsa00052)";26;23;""
"GAP_JUNCTION (hsa04540)";90;84;""
"GLIOMA (hsa05214)";65;62;""
"GLUTATHIONE_METABOLISM (hsa00480)";50;44;""
"GLYCEROLIPID_METABOLISM (hsa00561)";49;45;""
"GLYCEROPHOSPHOLIPID_METABOLISM (hsa00564)";77;72;""
"GLYCINE_SERINE_AND_THREONINE_METABOLISM (hsa00260)";31;28;""
"GLYCOLYSIS_GLUCONEOGENESIS (hsa00010)";62;53;""
"GLYCOSAMINOGLYCAN_BIOSYNTHESIS_CHONDROITIN_SULFATE (hsa00532)";22;21;""
"GLYCOSAMINOGLYCAN_BIOSYNTHESIS_HEPARAN_SULFATE (hsa00534)";26;25;""
"GLYCOSAMINOGLYCAN_BIOSYNTHESIS_KERATAN_SULFATE (hsa00533)";15;15;""
"GLYCOSAMINOGLYCAN_DEGRADATION (hsa00531)";21;20;""
"GLYCOSPHINGOLIPID_BIOSYNTHESIS_GANGLIO_SERIES (hsa00604)";15;NA;"Rejected!"
"GLYCOSPHINGOLIPID_BIOSYNTHESIS_GLOBO_SERIES (hsa00603)";14;NA;"Rejected!"
"GLYCOSPHINGOLIPID_BIOSYNTHESIS_LACTO_AND_NEOLACTO_SERIES (hsa00601)";26;22;""
"GLYCOSYLPHOSPHATIDYLINOSITOL_GPI_ANCHOR_BIOSYNTHESIS (hsa00563)";25;22;""
"GLYOXYLATE_AND_DICARBOXYLATE_METABOLISM (hsa00630)";16;15;""
"GNRH_SIGNALING_PATHWAY (hsa04912)";101;94;""
"GRAFT_VERSUS_HOST_DISEASE (hsa05332)";41;25;""
"HEDGEHOG_SIGNALING_PATHWAY (hsa04340)";56;52;""
"HEMATOPOIETIC_CELL_LINEAGE (hsa04640)";87;68;""
"HISTIDINE_METABOLISM (hsa00340)";29;27;""
"HOMOLOGOUS_RECOMBINATION (hsa03440)";28;25;""
"HUNTINGTONS_DISEASE (hsa05016)";183;170;""
"HYPERTROPHIC_CARDIOMYOPATHY_HCM (hsa05410)";83;78;""
"INOSITOL_PHOSPHATE_METABOLISM (hsa00562)";54;54;""
"INSULIN_SIGNALING_PATHWAY (hsa04910)";137;124;""
"INTESTINAL_IMMUNE_NETWORK_FOR_IGA_PRODUCTION (hsa04672)";48;35;""
"JAK_STAT_SIGNALING_PATHWAY (hsa04630)";155;116;""
"LEISHMANIA_INFECTION (hsa05140)";72;58;""
"LEUKOCYTE_TRANSENDOTHELIAL_MIGRATION (hsa04670)";116;107;""
"LIMONENE_AND_PINENE_DEGRADATION (hsa00903)";10;NA;"Rejected!"
"LINOLEIC_ACID_METABOLISM (hsa00591)";29;23;""
"LONG_TERM_DEPRESSION (hsa04730)";70;62;""
"LONG_TERM_POTENTIATION (hsa04720)";70;67;""
"LYSINE_DEGRADATION (hsa00310)";44;41;""
"LYSOSOME (hsa04142)";121;114;""
"MAPK_SIGNALING_PATHWAY (hsa04010)";267;251;""
"MATURITY_ONSET_DIABETES_OF_THE_YOUNG (hsa04950)";25;23;""
"MEDICUS_ENV_FACTOR_ARSENIC_TO_ELECTRON_TRANSFER_IN_COMPLEX_IV (N01394)";21;18;""
"MEDICUS_ENV_FACTOR_BENZO_A_PYRENRE_TO_CYP_MEDIATED_METABOLISM (N01401)";11;NA;"Rejected!"
"MEDICUS_ENV_FACTOR_DCE_TO_DNA_ADDUCTS (N01386)";19;17;""
"MEDICUS_ENV_FACTOR_E2_TO_NUCLEAR_INITIATED_ESTROGEN_SIGNALING_PATHWAY (N01364)";7;NA;"Rejected!"
"MEDICUS_ENV_FACTOR_E2_TO_RAS_ERK_SIGNALING_PATHWAY (N01353)";16;16;""
"MEDICUS_ENV_FACTOR_IRON_TO_ANTEROGRADE_AXONAL_TRANSPORT (N01414)";19;18;""
"MEDICUS_ENV_FACTOR_METALS_TO_JNK_SIGNALING_PATHWAY (N01407)";8;NA;"Rejected!"
"MEDICUS_ENV_FACTOR_METALS_TO_KEAP1_NRF2_SIGNALIG_PATHWAY (N01413)";9;NA;"Rejected!"
"MEDICUS_ENV_FACTOR_METALS_TO_NFKB_SIGNALING_PATHWAY (N01411)";15;15;""
"MEDICUS_ENV_FACTOR_METALS_TO_RAS_ERK_SIGNALING_PATHWAY (N01408)";12;NA;"Rejected!"
"MEDICUS_ENV_FACTOR_NICOTINE_NNK_TO_PI3K_SIGNALING_PATHWAY (N01348)";11;NA;"Rejected!"
"MEDICUS_ENV_FACTOR_NICOTINE_TO_JAK_STAT_SIGNALING_PATHWAY (N01342)";5;NA;"Rejected!"
"MEDICUS_ENV_FACTOR_NNK_NNN_TO_CHRNA7_E2F_SIGNALING_PATHWAY (N01337)";10;NA;"Rejected!"
"MEDICUS_ENV_FACTOR_NNK_NNN_TO_PI3K_SIGNALING_PATHWAY_N01339 (N01339)";11;NA;"Rejected!"
"MEDICUS_ENV_FACTOR_NNK_NNN_TO_PI3K_SIGNALING_PATHWAY_N01350 (N01350)";12;NA;"Rejected!"
"MEDICUS_ENV_FACTOR_NNK_NNN_TO_RAS_ERK_SIGNALING_PATHWAY (N01344)";19;18;""
"MEDICUS_ENV_FACTOR_NNK_TO_DNA_ADDUCTS (N01381)";5;NA;"Rejected!"
"MEDICUS_ENV_FACTOR_PARAQUAT_TO_FAS_JNK_SIGNALING_PATHWAY (N01417)";5;NA;"Rejected!"
"MEDICUS_ENV_FACTOR_PHIP_TO_DNA_ADDUCTS (N01371)";5;NA;"Rejected!"
"MEDICUS_ENV_FACTOR_TCDD_TO_AHR_SIGNALING_PATHWAY (N01365)";23;21;""
"MEDICUS_ENV_FACTOR_ZN_TO_ANTEROGRADE_AXONAL_TRANSPORT (N01403)";19;18;""
"MEDICUS_PATHOGEN_ARSENIC_TO_ELECTRON_TRANSFER_IN_COMPLEX_II (N01392)";6;NA;"Rejected!"
"MEDICUS_PATHOGEN_EBV_BARF1_TO_INTRINSIC_APOPTOTIC_PATHWAY (N00478)";7;NA;"Rejected!"
"MEDICUS_PATHOGEN_EBV_EBNA1_TO_P53_MEDIATED_TRANSCRIPTION (N00223)";10;NA;"Rejected!"
"MEDICUS_PATHOGEN_EBV_EBNA2_TO_RBP_JK_MEDIATED_TRANSCRIPTION (N00225)";7;NA;"Rejected!"
"MEDICUS_PATHOGEN_EBV_EBNA3C_TO_CELL_CYCLE_G1_S_N00483 (N00483)";9;NA;"Rejected!"
"MEDICUS_PATHOGEN_EBV_EBNA3C_TO_CELL_CYCLE_G1_S_N00484 (N00484)";5;NA;"Rejected!"
"MEDICUS_PATHOGEN_EBV_EBNA3C_TO_P27_CELL_CYCLE_G1_S_N00264 (N00264)";11;NA;"Rejected!"
"MEDICUS_PATHOGEN_EBV_EBNA3C_TO_P27_CELL_CYCLE_G1_S_N00482 (N00482)";9;NA;"Rejected!"
"MEDICUS_PATHOGEN_EBV_EBNA3C_TO_P53_MEDIATED_TRANSCRIPTION (N00263)";10;NA;"Rejected!"
"MEDICUS_PATHOGEN_EBV_LMP1_TO_NFKB_SIGNALING_PATHWAY (N00265)";11;NA;"Rejected!"
"MEDICUS_PATHOGEN_EBV_LMP1_TO_PI3K_SIGNALING_PATHWAY (N00485)";5;NA;"Rejected!"
"MEDICUS_PATHOGEN_EBV_LMP2A_TO_PI3K_SIGNALING_PATHWAY (N00266)";5;NA;"Rejected!"
"MEDICUS_PATHOGEN_ESCHERICHIA_EAE_TIR_TCCP_TO_ACTIN_SIGNALING_PATHWAY (N01094)";14;NA;"Rejected!"
"MEDICUS_PATHOGEN_ESCHERICHIA_EAE_TIR_TO_ACTIN_SIGNALING_PATHWAY (N01092)";17;16;""
"MEDICUS_PATHOGEN_ESCHERICHIA_ESPG_TO_MICROTUBULE_RHOA_SIGNALING_PATHWAY (N01286)";17;16;""
"MEDICUS_PATHOGEN_ESCHERICHIA_ESPJ_TO_IGG_FCGR_RAC_SIGNALING_PATHWAY (N01091)";5;NA;"Rejected!"
"MEDICUS_PATHOGEN_ESCHERICHIA_ESPT_TO_RAC_SIGNALING_PATHWAY (N01086)";14;NA;"Rejected!"
"MEDICUS_PATHOGEN_ESCHERICHIA_MAP_TO_CDC42_SIGNALING_PATHWAY (N01096)";13;NA;"Rejected!"
"MEDICUS_PATHOGEN_ESCHERICHIA_MAP_TO_LPA_GNA12_13_RHOA_SIGNALING_PATHWAY (N01095)";5;NA;"Rejected!"
"MEDICUS_PATHOGEN_ESCHERICHIA_TIR_TO_TLR2_4_MAPK_SIGNALING_PATHWAY (N00926)";5;NA;"Rejected!"
"MEDICUS_PATHOGEN_HBV_HBX_TO_CREB_MEDIATED_TRANSCRIPTION (N00544)";13;NA;"Rejected!"
"MEDICUS_PATHOGEN_HBV_HBX_TO_ERK_SIGNALING_PATHWAY (N00545)";5;NA;"Rejected!"
"MEDICUS_PATHOGEN_HBV_HBX_TO_RAS_ERK_SIGNALING_PATHWAY (N00540)";15;15;""
"MEDICUS_PATHOGEN_HBV_LHBS_TO_PKC_ERK_SIGNALING_PATHWAY (N00547)";12;NA;"Rejected!"
"MEDICUS_PATHOGEN_HCMV_GB_TO_PDGFR_RAS_ERK_SIGNALING_PATHWAY (N00386)";15;15;""
"MEDICUS_PATHOGEN_HCMV_GH_TO_ITGA_B_RHOA_SIGNALING_PATHWAY (N00394)";7;NA;"Rejected!"
"MEDICUS_PATHOGEN_HCMV_UL33_TO_GNAI_AC_PKA_SIGNALING_PATHWAY (N00412)";26;25;""
"MEDICUS_PATHOGEN_HCMV_UL33_TO_GNAQ_PLCB_G_CALCINEURIN_SIGNALING_PATHWAY (N00407)";6;NA;"Rejected!"
"MEDICUS_PATHOGEN_HCMV_UL33_TO_GNB_G_RHO_SIGNALING_PATHWAY (N00409)";33;30;""
"MEDICUS_PATHOGEN_HCMV_US27_TO_CXCR4_GNB_G_PLCB_PKC_SIGNALING_PATHWAY (N00414)";8;NA;"Rejected!"
"MEDICUS_PATHOGEN_HCMV_US28_TO_GNA12_13_RHO_SIGNALING_PATHWAY (N00406)";13;NA;"Rejected!"
"MEDICUS_PATHOGEN_HCMV_US28_TO_GNAQ_PLCB_G_CALCINEURIN_SIGNALING_PATHWAY (N00402)";19;17;""
"MEDICUS_PATHOGEN_HCMV_US28_TO_GNB_G_PI3K_NFKB_SIGNALING_PATHWAY (N00400)";31;28;""
"MEDICUS_PATHOGEN_HCV_CORE_TO_ERK_SIGNALING_PATHWAY (N00518)";13;NA;"Rejected!"
"MEDICUS_PATHOGEN_HCV_CORE_TO_RXRA_LXRA_MEDIATED_TRANSCRIPTION (N00530)";6;NA;"Rejected!"
"MEDICUS_PATHOGEN_HCV_CORE_TO_RXRA_PPARA_MEDIATED_TRANSCRIPTION (N00529)";5;NA;"Rejected!"
"MEDICUS_PATHOGEN_HIV_GP120_TO_CXCR4_GNAI_PI3K_BAD_SIGNALING_PATHWAY (N00431)";12;NA;"Rejected!"
"MEDICUS_PATHOGEN_HIV_GP120_TO_CXCR4_GNAQ_PLCB_G_CALCINEURIN (N00432)";17;NA;"Rejected!"
"MEDICUS_PATHOGEN_HIV_GP120_TO_CXCR4_GNB_G_RAC_SIGNALING_PATHWAY (N00434)";26;22;""
"MEDICUS_PATHOGEN_HIV_GP120_TO_TNF_NFKB_SIGNALING_PATHWAY (N00441)";15;15;""
"MEDICUS_PATHOGEN_HIV_NEF_TO_TNF_NFKB_SIGNALING_PATHWAY (N00442)";14;NA;"Rejected!"
"MEDICUS_PATHOGEN_HIV_TAT_NEF_TO_CROSSTALK_BETWEEN_EXTRINSIC_AND_INTRINSIC_APOPTOTIC_PATHWAYS (N00449)";8;NA;"Rejected!"
"MEDICUS_PATHOGEN_HIV_TAT_TO_TLR2_4_NFKB_SIGNALING_PATHWAY (N00436)";17;NA;"Rejected!"
"MEDICUS_PATHOGEN_HIV_VPR_TAT_TO_TNF_JNK_SIGNALING_PATHWAY (N00447)";5;NA;"Rejected!"
"MEDICUS_PATHOGEN_HIV_VPR_TO_CDC25_CELL_CYCLE_G2M (N00456)";11;NA;"Rejected!"
"MEDICUS_PATHOGEN_HIV_VPR_TO_WEE1_CELL_CYCLE_G2M (N00460)";5;NA;"Rejected!"
"MEDICUS_PATHOGEN_HPV_E5_TO_ANTIGEN_PROCESSING_AND_PRESENTATION_BY_MHC_CLASS_I_MOLECULES (N00364)";7;NA;"Rejected!"
"MEDICUS_PATHOGEN_HPV_E5_TO_EGFR_RAS_ERK_SIGNALING_PATHWAY (N00367)";15;15;""
"MEDICUS_PATHOGEN_HPV_E6_TO_NOTCH_SIGNALING_PATHWAY_N00380 (N00380)";12;NA;"Rejected!"
"MEDICUS_PATHOGEN_HPV_E6_TO_NOTCH_SIGNALING_PATHWAY_N00381 (N00381)";12;NA;"Rejected!"
"MEDICUS_PATHOGEN_HPV_E6_TO_NOTCH_SIGNALING_PATHWAY_N00382 (N00382)";13;NA;"Rejected!"
"MEDICUS_PATHOGEN_HPV_E7_TO_CELL_CYCLE_G1_S (N00361)";6;NA;"Rejected!"
"MEDICUS_PATHOGEN_HPV_E7_TO_P27_CELL_CYCLE_G1_S (N00360)";7;NA;"Rejected!"
"MEDICUS_PATHOGEN_HSV_GD_TO_HVEM_NFKB_SIGNALING_PATHWAY (N00560)";12;NA;"Rejected!"
"MEDICUS_PATHOGEN_HTLV_1_P12_TO_ANTIGEN_PROCESSING_AND_PRESENTATION_BY_MHC_CLASS_I_MOLECULES (N00492)";7;NA;"Rejected!"
"MEDICUS_PATHOGEN_HTLV_1_P12_TO_JAK_STAT_SIGNALING_PATHWAY (N00491)";7;NA;"Rejected!"
"MEDICUS_PATHOGEN_HTLV_1_TAX_TO_E47_MEDIATED_TRANSCRIPTION (N00511)";5;NA;"Rejected!"
"MEDICUS_PATHOGEN_HTLV_1_TAX_TO_NFY_MEDIATED_TRANSCRIPTION (N00508)";15;NA;"Rejected!"
"MEDICUS_PATHOGEN_HTLV_1_TAX_TO_P21_CELL_CYCLE_G1_S_N00497 (N00497)";9;NA;"Rejected!"
"MEDICUS_PATHOGEN_HTLV_1_TAX_TO_P21_CELL_CYCLE_G1_S_N00498 (N00498)";8;NA;"Rejected!"
"MEDICUS_PATHOGEN_HTLV_1_TAX_TO_SPINDLE_ASSEMBLY_CHECKPOINT_SIGNALING (N00221)";16;15;""
"MEDICUS_PATHOGEN_HTLV_1_TAX_TO_SRF_MEDIATED_TRANSCRIPTION (N00509)";5;NA;"Rejected!"
"MEDICUS_PATHOGEN_HTLV_1_TAX_TO_TNF_JNK_SIGNALING_PATHWAY (N00503)";5;NA;"Rejected!"
"MEDICUS_PATHOGEN_KSHV_K15_TO_TNF_NFKB_SIGNALING_PATHWAY (N00173)";8;NA;"Rejected!"
"MEDICUS_PATHOGEN_KSHV_LANA_TO_WNT_SIGNALING_PATHWAY (N00175)";7;NA;"Rejected!"
"MEDICUS_PATHOGEN_KSHV_MIR1_2_TO_ANTIGEN_PROCESSING_AND_PRESENTATION_BY_MHC_CLASS_I_MOLECULES (N00184)";6;NA;"Rejected!"
"MEDICUS_PATHOGEN_KSHV_MIR2_TO_CELL_SURFACE_MOLECULE_ENDOCYTOSIS (N00185)";6;NA;"Rejected!"
"MEDICUS_PATHOGEN_KSHV_VCYCLIN_TO_CELL_CYCLE_G1_S (N00168)";6;NA;"Rejected!"
"MEDICUS_PATHOGEN_KSHV_VFLIP_TO_NFKB_SIGNALING_PATHWAY (N00171)";6;NA;"Rejected!"
"MEDICUS_PATHOGEN_KSHV_VFLIP_TO_TNF_NFKB_SIGNALING_PATHWAY (N00174)";7;NA;"Rejected!"
"MEDICUS_PATHOGEN_KSHV_VGPCR_TO_GNB_G_ERK_SIGNALING_PATHWAY (N00157)";31;27;""
"MEDICUS_PATHOGEN_KSHV_VGPCR_TO_GNB_G_PI3K_AKT_SIGNALING_PATHWAY (N00158)";24;20;""
"MEDICUS_PATHOGEN_KSHV_VGPCR_TO_GNB_G_PI3K_JNK_SIGNALING_PATHWAY (N00178)";29;25;""
"MEDICUS_PATHOGEN_SALMONELLA_AVRA_TO_BETA_CATENIN_SIGNALING_PATHWAY (N01124)";6;NA;"Rejected!"
"MEDICUS_PATHOGEN_SALMONELLA_SIFA_TO_MICROTUBULE_PLUS_END_DIRECTED_TRANSPORT (N01298)";25;24;""
"MEDICUS_PATHOGEN_SALMONELLA_SIFA_TO_TETHERING_OF_LATE_ENDOSOMES_AND_LYSOSOMES (N01301)";9;NA;"Rejected!"
"MEDICUS_PATHOGEN_SALMONELLA_SOPB_TO_ARNO_ARF_ACTB_G_SIGNALING_PATHWAY (N01129)";30;28;""
"MEDICUS_PATHOGEN_SALMONELLA_SOPB_TO_RHOA_SIGNALING_PATHWAY (N01130)";10;NA;"Rejected!"
"MEDICUS_PATHOGEN_SALMONELLA_SOPB_TO_RHOG_SIGNALING_PATHWAY (N01133)";5;NA;"Rejected!"
"MEDICUS_PATHOGEN_SALMONELLA_SOPE_E2_TO_NOD_NFKB_SIGNALING_PATHWAY (N01112)";9;NA;"Rejected!"
"MEDICUS_PATHOGEN_SALMONELLA_SOPE_TO_RAC_SIGNALING_PATHWAY (N01128)";20;19;""
"MEDICUS_PATHOGEN_SALMONELLA_SPVD_TO_TNF_NFKB_SIGNALING_PATHWAY (N01118)";5;NA;"Rejected!"
"MEDICUS_PATHOGEN_SARS_COV_2_S_N_TO_LECTIN_PATHWAY_OF_COAGULATION_CASCADE (N01316)";6;NA;"Rejected!"
"MEDICUS_PATHOGEN_SARS_COV_2_S_TO_ANGII_AT1R_NOX2_SIGNALING_PATHWAY (N01307)";14;NA;"Rejected!"
"MEDICUS_PATHOGEN_SARS_COV_2_S_TO_CLASSICAL_PATHWAY_OF_COMPLEMENT_CASCADE (N01314)";6;NA;"Rejected!"
"MEDICUS_PATHOGEN_SHIGELLA_FIMA_TO_CROSSTALK_BETWEEN_EXTRINSIC_AND_INTRINSIC_APOPTOTIC_PATHWAYS (N00950)";6;NA;"Rejected!"
"MEDICUS_PATHOGEN_SHIGELLA_IPAA_TO_ITGA_B_RHOGEF_RHOA_SIGNALING_PATHWAY (N01074)";11;NA;"Rejected!"
"MEDICUS_PATHOGEN_SHIGELLA_IPAB_C_D_TO_ITGA_B_TALIN_VINCULIN_SIGNALING_PATHWAY (N01081)";9;NA;"Rejected!"
"MEDICUS_PATHOGEN_SHIGELLA_IPAC_TO_ACTIN_SIGNALING_PATHWAY (N01079)";13;NA;"Rejected!"
"MEDICUS_PATHOGEN_SHIGELLA_IPAH7.8_TO_NLRP3_INFLAMMASOME_SIGNALING_PATHWAY (N00948)";5;NA;"Rejected!"
"MEDICUS_PATHOGEN_SHIGELLA_IPGB1_TO_ITGA_B_RHOG_RAC_SIGNALING_PATHWAY (N00952)";5;NA;"Rejected!"
"MEDICUS_PATHOGEN_SHIGELLA_IPGD_TO_ARNO_ARF_ACTB_G_SIGNALING_PATHWAY (N01067)";29;27;""
"MEDICUS_PATHOGEN_SHIGELLA_OSPF_TO_TLR2_4_MAPK_SIGNALING_PATHWAY (N01283)";6;NA;"Rejected!"
"MEDICUS_PATHOGEN_SHIGELLA_OSPG_TO_TNF_NFKB_SIGNALING_PATHWAY (N00942)";7;NA;"Rejected!"
"MEDICUS_PATHOGEN_YERSINIA_YOPH_TO_TCR_NFAT_SIGNALING_PATHWAY (N01108)";5;NA;"Rejected!"
"MEDICUS_PATHOGEN_YERSINIA_YOPP_J_TO_TLR2_4_MAPK_SIGNALING_PATHWAY (N00862)";6;NA;"Rejected!"
"MEDICUS_REFERENCE_26S_PROTEASOME_MEDIATED_PROTEIN_DEGRADATION (N01029)";39;39;""
"MEDICUS_REFERENCE_ACH_CHRN_PI3K_SIGNALING_PATHWAY (N01338)";7;NA;"Rejected!"
"MEDICUS_REFERENCE_ACH_CHRN_RAS_ERK_SIGNALING_PATHWAY (N01343)";21;20;""
"MEDICUS_REFERENCE_ACTH_CORTISOL_SIGNALING_PATHWAY (N00297)";32;28;""
"MEDICUS_REFERENCE_ACTIVATION_OF_PRC2.2_BY_UBIQUITINATION_OF_H2AK119 (N01586)";22;21;""
"MEDICUS_REFERENCE_ACTIVATION_OF_PRC2.2_BY_UBIQUITINATION_OF_H2AK119_IN_GERMLINE_GENES (N01614)";27;26;""
"MEDICUS_REFERENCE_ACTIVIN_SIGNALING_PATHWAY (N01456)";8;NA;"Rejected!"
"MEDICUS_REFERENCE_ADRB3_UCP1_SIGNALING_PATHWAY (N01688)";35;32;""
"MEDICUS_REFERENCE_AGE_RAGE_SIGNALING_PATHWAY (N00994)";16;15;""
"MEDICUS_REFERENCE_AHR_SIGNALING_PATHWAY (N00317)";8;NA;"Rejected!"
"MEDICUS_REFERENCE_ALTERNATIVE_PATHWAY_OF_COMPLEMENT_CASCADE_C3B_BREAKDOWN (N01496)";5;NA;"Rejected!"
"MEDICUS_REFERENCE_AMH_SIGNALING_PATHWAY (N01454)";9;NA;"Rejected!"
"MEDICUS_REFERENCE_ANGII_AT1R_NOX2_SIGNALING_PATHWAY (N01306)";8;NA;"Rejected!"
"MEDICUS_REFERENCE_ANGIOTENSIN_ALDOSTERONE_SIGNALING_PATHWAY (N00301)";28;26;""
"MEDICUS_REFERENCE_ANTEROGRADE_AXONAL_TRANSPORT (N00978)";24;23;""
"MEDICUS_REFERENCE_ANTIGEN_PROCESSING_AND_PRESENTATION_BY_MHC_CLASS_II_MOLECULES (N00590)";15;NA;"Rejected!"
"MEDICUS_REFERENCE_ANTIGEN_PROCESSING_AND_PRESENTATION_BY_MHC_CLASS_I_MOLECULES (N00363)";12;NA;"Rejected!"
"MEDICUS_REFERENCE_ANXA2_S100A10_REGULATED_ACTIN_CYTOSKELETON (N01304)";5;NA;"Rejected!"
"MEDICUS_REFERENCE_AREG_EGFR_PI3K_SIGNALING_PATHWAY (N00284)";11;NA;"Rejected!"
"MEDICUS_REFERENCE_AREG_EGFR_RAS_ERK_SIGNALING_PATHWAY (N00279)";15;15;""
"MEDICUS_REFERENCE_ARL8_REGULATED_MICROTUBULE_PLUS_END_DIRECTED_TRANSPORT (N01297)";35;31;""
"MEDICUS_REFERENCE_ARNO_ARF_ACTB_G_SIGNALING_PATHWAY (N01066)";25;23;""
"MEDICUS_REFERENCE_ASSEMBLY_AND_TRAFFICKING_OF_TELOMERASE (N01476)";19;19;""
"MEDICUS_REFERENCE_ATR_P21_CELL_CYCLE_G2_M (N00499)";9;NA;"Rejected!"
"MEDICUS_REFERENCE_ATR_SIGNALING (N01451)";12;NA;"Rejected!"
"MEDICUS_REFERENCE_AUTOPHAGOSOME_AND_LYSOSOME_FUSION_TETHERING_FACTOR (N01721)";16;16;""
"MEDICUS_REFERENCE_AUTOPHAGOSOME_AND_LYSOSOME_FUSION_TETHERING_FACTOR_GRASP55 (N01722)";6;NA;"Rejected!"
"MEDICUS_REFERENCE_AUTOPHAGOSOME_AND_LYSOSOME_FUSION_TRANS_SNARE (N01720)";5;NA;"Rejected!"
"MEDICUS_REFERENCE_AUTOPHAGY_VESICLE_NUCLEATION_ELONGATION_MATURATION_E3_UBIQUITIN_LIGASE_MALIN (N01719)";7;NA;"Rejected!"
"MEDICUS_REFERENCE_AUTOPHAGY_VESICLE_NUCLEATION_ELONGATION_MATURATION_LC3_II_FORMATION (N00156)";13;NA;"Rejected!"
"MEDICUS_REFERENCE_AUTOPHAGY_VESICLE_NUCLEATION_ELONGATION_MATURATION_MTORC1_PI3KC3_C1 (N00155)";16;16;""
"MEDICUS_REFERENCE_AUTOPHAGY_VESICLE_NUCLEATION_ELONGATION_MATURATION_PACER_RUBCN_PI3KC3_C2 (N01718)";7;NA;"Rejected!"
"MEDICUS_REFERENCE_AUTOPHAGY_VESICLE_NUCLEATION_ELONGATION_MATURATION_PI3P_SYNTHESIS_BY_PI3KC3_C1 (N01715)";10;NA;"Rejected!"
"MEDICUS_REFERENCE_AUTOPHAGY_VESICLE_NUCLEATION_ELONGATION_MATURATION_SEQUESTOSOME_1_LIKE_RECEPTOR (N01716)";14;NA;"Rejected!"
"MEDICUS_REFERENCE_AVP_V2R_PKA_SIGNALING_PATHWAY (N00915)";10;NA;"Rejected!"
"MEDICUS_REFERENCE_BASE_EXCISION_AND_STRAND_CLEAVAGE_BY_BIFUNCTIONAL_GLYCOSYLASE (N01434)";9;NA;"Rejected!"
"MEDICUS_REFERENCE_BASE_EXCISION_AND_STRAND_CLEAVAGE_BY_MONOFUNCTIONAL_GLYCOSYLASE (N01433)";8;NA;"Rejected!"
"MEDICUS_REFERENCE_BASE_EXCISION_AND_STRAND_CLEAVAGE_BY_NEIL_GLYCOSYLASE (N01435)";9;NA;"Rejected!"
"MEDICUS_REFERENCE_BCR_BCAP_CD19_PI3K_SIGNALING_PATHWAY (N01695)";15;NA;"Rejected!"
"MEDICUS_REFERENCE_BCR_PLCG_CALCINEURIN_SIGNALING_PATHWAY (N00487)";18;15;""
"MEDICUS_REFERENCE_BCR_PLCG_ITPR_SIGNALING_PATHWAY (N01463)";9;NA;"Rejected!"
"MEDICUS_REFERENCE_BETA_OXIDATION (N00804)";11;NA;"Rejected!"
"MEDICUS_REFERENCE_BETA_OXIDATION_ACYL_COA_SYNTHESIS (N00765)";11;NA;"Rejected!"
"MEDICUS_REFERENCE_BETA_OXIDATION_PEROXISOME_VLCFA (N00776)";5;NA;"Rejected!"
"MEDICUS_REFERENCE_BILE_ACID_BIOSYNTHESIS (N00805)";14;NA;"Rejected!"
"MEDICUS_REFERENCE_BLOCKING_UBIQUITINATION_OF_H2AK119_BY_CK2 (N01620)";12;NA;"Rejected!"
"MEDICUS_REFERENCE_BLOOD_GROUP_H_O_ANTIGEN_TYPE_1_BIOSYNTHESIS (N01651)";6;NA;"Rejected!"
"MEDICUS_REFERENCE_BLOOD_GROUP_H_O_ANTIGEN_TYPE_2_BIOSYNTHESIS (N01666)";7;NA;"Rejected!"
"MEDICUS_REFERENCE_BMP15_SIGNALING_PATHWAY (N01455)";7;NA;"Rejected!"
"MEDICUS_REFERENCE_BMP9_10_SIGNALING_PATHWAY (N01426)";9;NA;"Rejected!"
"MEDICUS_REFERENCE_BMP_HAMP_SIGNALING_PATHWAY (N01458)";11;NA;"Rejected!"
"MEDICUS_REFERENCE_BMP_HAMP_SIGNALING_PATHWAY_AUXILIARY_FACTOR (N01461)";7;NA;"Rejected!"
"MEDICUS_REFERENCE_BMP_SIGNALING_PATHWAY (N01453)";20;20;""
"MEDICUS_REFERENCE_BMP_SIGNALING_PATHWAY_BMP_ANTAGONIST (N01428)";15;NA;"Rejected!"
"MEDICUS_REFERENCE_BRANCHING_MICROTUBULE_NUCLEATION (N01549)";33;31;""
"MEDICUS_REFERENCE_BREAK_INDUCED_REPLICATION (N01450)";8;NA;"Rejected!"
"MEDICUS_REFERENCE_C9ORF72_MEDIATED_AUTOPHAGY_INITIATION (N01142)";8;NA;"Rejected!"
"MEDICUS_REFERENCE_CA2_CAM_CAMK_SIGNALING_PATHWAY (N01648)";19;18;""
"MEDICUS_REFERENCE_CA2_CAM_CN_SIGNALING_PATHWAY (N01647)";12;NA;"Rejected!"
"MEDICUS_REFERENCE_CA2_CAM_VGCC_RYR_SIGNALING_PATHWAY (N01649)";11;NA;"Rejected!"
"MEDICUS_REFERENCE_CA2_ENTRY_LIGAND_GATED_CA2_CHANNEL (N01642)";12;NA;"Rejected!"
"MEDICUS_REFERENCE_CA2_ENTRY_STORE_OPERATED_CA2_CHANNEL (N01643)";5;NA;"Rejected!"
"MEDICUS_REFERENCE_CA2_ENTRY_VOLTAGE_GATED_CA2_CHANNEL (N01637)";25;23;""
"MEDICUS_REFERENCE_CA2_PLCD_ITPR_SIGNALING_PATHWAY (N01655)";6;NA;"Rejected!"
"MEDICUS_REFERENCE_CA2_PYK2_RAS_ERK_SIGNALING_PATHWAY (N00538)";15;15;""
"MEDICUS_REFERENCE_CARDIAC_TYPE_VGCC_RYR_SIGNALING (N01639)";21;20;""
"MEDICUS_REFERENCE_CASR_PTH_SIGNALING_PATHWAY (N00291)";7;NA;"Rejected!"
"MEDICUS_REFERENCE_CCR2_GNB_G_PI3K_NFKB_SIGNALING_PATHWAY (N00399)";31;28;""
"MEDICUS_REFERENCE_CCR5_GNB_G_PLCB_G_PKC_SIGNALING_PATHWAY (N00428)";26;21;""
"MEDICUS_REFERENCE_CCR_CXCR_GNB_G_PI3K_RAC_SIGNALING_PATHWAY (N00153)";31;22;""
"MEDICUS_REFERENCE_CD40_NFKB_SIGNALING_PATHWAY (N00505)";8;NA;"Rejected!"
"MEDICUS_REFERENCE_CD80_CD86_CD28_PI3K_SIGNALING_PATHWAY (N00683)";10;NA;"Rejected!"
"MEDICUS_REFERENCE_CD80_CD86_CTLA4_PP2A_SIGNALING_PATHWAY (N01579)";22;21;""
"MEDICUS_REFERENCE_CDC25_CELL_CYCLE_G2_M (N00455)";10;NA;"Rejected!"
"MEDICUS_REFERENCE_CENPE_INTERACTION_WITH_NDC80_COMPLEX (N01531)";12;NA;"Rejected!"
"MEDICUS_REFERENCE_CGAS_STING_SIGNALING_PATHWAY (N00395)";18;NA;"Rejected!"
"MEDICUS_REFERENCE_CHOLESTEROL_BIOSYNTHESIS (N01624)";13;NA;"Rejected!"
"MEDICUS_REFERENCE_CHONDROITIN_SULFATE_BIOSYNTHESIS (N01580)";8;NA;"Rejected!"
"MEDICUS_REFERENCE_CHRNA7_E2F_SIGNALING_PATHWAY (N01336)";6;NA;"Rejected!"
"MEDICUS_REFERENCE_CITRATE_CYCLE_FIRST_CARBON_OXIDATION (N01604)";9;NA;"Rejected!"
"MEDICUS_REFERENCE_CITRATE_CYCLE_SECOND_CARBON_OXIDATION_2 (N01617)";10;NA;"Rejected!"
"MEDICUS_REFERENCE_CLASSICAL_PATHWAY_OF_COMPLEMENT_CASCADE_C4_C2_TO_C3_CONVERTASE_FORMATION (N01487)";8;NA;"Rejected!"
"MEDICUS_REFERENCE_COHESIN_ACETYLATION (N01483)";5;NA;"Rejected!"
"MEDICUS_REFERENCE_COHESIN_DISSOCIATION_IN_ANAPHASE (N01486)";16;16;""
"MEDICUS_REFERENCE_COHESIN_DISSOCIATION_IN_PROPHASE (N01485)";16;15;""
"MEDICUS_REFERENCE_COHESIN_LOADING (N01482)";9;NA;"Rejected!"
"MEDICUS_REFERENCE_COMMON_PATHWAY_OF_COMPLEMENT_CASCADE_MAC_FORMATION (N01490)";7;NA;"Rejected!"
"MEDICUS_REFERENCE_CONDENSIN_LOADING (N01497)";20;18;""
"MEDICUS_REFERENCE_COPII_VESICLE_FORMATION (N01289)";12;NA;"Rejected!"
"MEDICUS_REFERENCE_COPI_VESICLE_FORMATION (N01293)";23;22;""
"MEDICUS_REFERENCE_CORE_NER_REACTION (N01431)";29;26;""
"MEDICUS_REFERENCE_CREATINE_PATHWAY (N01612)";7;NA;"Rejected!"
"MEDICUS_REFERENCE_CRHR_PKA_ACTH_SIGNALING_PATHWAY (N00324)";27;24;""
"MEDICUS_REFERENCE_CROSSTALK_BETWEEN_EXTRINSIC_AND_INTRINSIC_APOPTOTIC_PATHWAYS (N00146)";15;15;""
"MEDICUS_REFERENCE_CX3CR1_GNAI_AC_PKA_SIGNALING_PATHWAY (N00403)";17;15;""
"MEDICUS_REFERENCE_CXCL12_CXCR4_PKC_ERK_SIGNALING_PATHAWAY (N00546)";19;19;""
"MEDICUS_REFERENCE_CXCR4_GNA12_13_RHO_SIGNALING_PATHWAY (N00405)";9;NA;"Rejected!"
"MEDICUS_REFERENCE_CXCR4_GNAI_PI3K_BAD_SIGNALING_PATHWAY (N00430)";12;NA;"Rejected!"
"MEDICUS_REFERENCE_CXCR4_GNAQ_PLCB_G_CALCINEURIN_SIGNALING_PATHWAY (N00401)";21;19;""
"MEDICUS_REFERENCE_CXCR4_GNB_G_PLCB_PKC_SIGNALING_PATHWAY (N00413)";31;28;""
"MEDICUS_REFERENCE_CXCR4_GNB_G_RAC_SIGNALING_PATHWAY (N00433)";26;23;""
"MEDICUS_REFERENCE_CXCR_GNB_G_ERK_SIGNALING_PATHWAY (N00152)";27;23;""
"MEDICUS_REFERENCE_CXCR_GNB_G_PI3K_AKT_SIGNALING_PATHWAY (N00154)";26;21;""
"MEDICUS_REFERENCE_CYTOKINE_JAK_STAT_SIGNALING_PATHWAY (N00053)";45;38;""
"MEDICUS_REFERENCE_DEPHOSPHORYLATION_OF_KINETOCHORE (N01536)";12;NA;"Rejected!"
"MEDICUS_REFERENCE_DERMATAN_SULFATE_DEGRADATION (N00610)";8;NA;"Rejected!"
"MEDICUS_REFERENCE_DEUBIQUITINATION_OF_H2AK119 (N01585)";26;25;""
"MEDICUS_REFERENCE_DISASSEMBLY_OF_MCC (N01533)";17;17;""
"MEDICUS_REFERENCE_DNA_DEGRADATION_BY_EXTRACELLULAR_ENDOLYSOSOMAL_DNASE (N01571)";7;NA;"Rejected!"
"MEDICUS_REFERENCE_DNA_END_RESECTION_AND_RPA_LOADING (N01446)";18;17;""
"MEDICUS_REFERENCE_DNA_REPLICATION_LICENSING (N01468)";24;24;""
"MEDICUS_REFERENCE_DNA_REPLICATION_TERMINATION (N01473)";21;21;""
"MEDICUS_REFERENCE_DOUBLE_HOLLIDAY_JUNCTION_RESOLUTION (N01448)";6;NA;"Rejected!"
"MEDICUS_REFERENCE_DOUBLE_STRAND_BREAK_SIGNALING (N01439)";13;NA;"Rejected!"
"MEDICUS_REFERENCE_DRD1_GNAS_AC_PKA_SIGNALING_PATHWAY (N00410)";16;15;""
"MEDICUS_REFERENCE_DYNEIN_RECRUITMENT_TO_THE_KINETOCHORE (N01534)";30;29;""
"MEDICUS_REFERENCE_E2_ER_RAS_ERK_SIGNALING_PATHWAY (N01351)";23;23;""
"MEDICUS_REFERENCE_EARLY_ENDOSOMAL_FUSION (N01302)";8;NA;"Rejected!"
"MEDICUS_REFERENCE_EGF_EGFR_ACTIN_SIGNALING_PATHWAY (N01078)";21;20;""
"MEDICUS_REFERENCE_EGF_EGFR_PI3K_NFKB_SIGNALING_PATHWAY (N00390)";14;NA;"Rejected!"
"MEDICUS_REFERENCE_EGF_EGFR_PI3K_SIGNALING_PATHWAY (N00033)";9;NA;"Rejected!"
"MEDICUS_REFERENCE_EGF_EGFR_PLCG_CALCINEURIN_SIGNALING_PATHWAY (N00147)";16;NA;"Rejected!"
"MEDICUS_REFERENCE_EGF_EGFR_PLCG_CAMK_SIGNALING_PATHWAY (N00026)";15;NA;"Rejected!"
"MEDICUS_REFERENCE_EGF_EGFR_PLCG_ERK_SIGNALING_PATHWAY (N00023)";15;15;""
"MEDICUS_REFERENCE_EGF_EGFR_RAS_ERK_SIGNALING_PATHWAY (N00001)";16;16;""
"MEDICUS_REFERENCE_EGF_EGFR_RAS_JNK_SIGNALING_PATHWAY (N00542)";13;NA;"Rejected!"
"MEDICUS_REFERENCE_EGF_EGFR_RAS_PI3K_SIGNALING_PATHWAY (N00030)";15;15;""
"MEDICUS_REFERENCE_EGF_EGFR_RAS_RALGDS_SIGNALING_PATHWAY (N00103)";11;NA;"Rejected!"
"MEDICUS_REFERENCE_EGF_EGFR_RAS_RASSF1_SIGNALING_PATHWAY (N00096)";11;NA;"Rejected!"
"MEDICUS_REFERENCE_EGF_ERBB2_RAS_ERK_SIGNALING_PATHWAY (N00021)";16;16;""
"MEDICUS_REFERENCE_EGF_JAK_STAT_SIGNALING_PATHWAY (N00094)";7;NA;"Rejected!"
"MEDICUS_REFERENCE_ELECTRON_TRANSFER_IN_COMPLEX_I (N00995)";44;43;""
"MEDICUS_REFERENCE_ELECTRON_TRANSFER_IN_COMPLEX_III (N00990)";11;NA;"Rejected!"
"MEDICUS_REFERENCE_ELECTRON_TRANSFER_IN_COMPLEX_IV (N00998)";19;17;""
"MEDICUS_REFERENCE_EP_NE_ADRB_CAMP_SIGNALING_PATHWAY (N01345)";15;NA;"Rejected!"
"MEDICUS_REFERENCE_EREG_EGFR_PI3K_SIGNALING_PATHWAY (N00282)";11;NA;"Rejected!"
"MEDICUS_REFERENCE_EREG_EGFR_RAS_ERK_SIGNALING_PATHWAY (N00277)";15;15;""
"MEDICUS_REFERENCE_ERK_RSK_SIGNALING (N01601)";6;NA;"Rejected!"
"MEDICUS_REFERENCE_ESTABLISHMENT_OF_COHESION (N01484)";7;NA;"Rejected!"
"MEDICUS_REFERENCE_EXTRINSIC_APOPTOTIC_PATHWAY (N00145)";10;NA;"Rejected!"
"MEDICUS_REFERENCE_FANCONI_ANEMIA_PATHWAY (N01464)";19;18;""
"MEDICUS_REFERENCE_FASLG_RIPK1_3_SIGNALING_PATHWAY (N01632)";5;NA;"Rejected!"
"MEDICUS_REFERENCE_FAS_JNK_SIGNALING_PATHWAY (N01056)";7;NA;"Rejected!"
"MEDICUS_REFERENCE_FE3_FERRITIN_TRANSPORT (N01588)";5;NA;"Rejected!"
"MEDICUS_REFERENCE_FE_TF_TRANSPORT (N01587)";7;NA;"Rejected!"
"MEDICUS_REFERENCE_FGF_FGFR_PI3K_SIGNALING_PATHWAY (N00037)";31;27;""
"MEDICUS_REFERENCE_FGF_FGFR_RAS_ERK_SIGNALING_PATHWAY (N00019)";35;31;""
"MEDICUS_REFERENCE_FLCN_MTORC1_SIGNALING_PATHWAY (N01584)";14;NA;"Rejected!"
"MEDICUS_REFERENCE_FLT3LG_FLT3_RAS_ERK_SIGNALING_PATHWAY (N00217)";15;15;""
"MEDICUS_REFERENCE_FLT3LG_FLT3_RAS_PI3K_SIGNALING_PATHWAY (N00218)";15;15;""
"MEDICUS_REFERENCE_FSHR_GNAS_PKA_SIGNALING_PATHWAY (N00922)";16;NA;"Rejected!"
"MEDICUS_REFERENCE_GATOR1_MTORC1_SIGNALING_PATHWAY (N01578)";14;NA;"Rejected!"
"MEDICUS_REFERENCE_GENE_SILENCING_BY_METHYLATION_OF_H3K27_AND_UBIQUITINATION_OF_H2AK119 (N01577)";40;38;""
"MEDICUS_REFERENCE_GF_RTK_PI3K_SIGNALING_PATHWAY (N01656)";83;74;""
"MEDICUS_REFERENCE_GF_RTK_RAS_ERK_SIGNALING_PATHWAY (N01592)";92;84;""
"MEDICUS_REFERENCE_GF_RTK_RAS_PI3K_SIGNALING_PATHWAY (N01658)";89;80;""
"MEDICUS_REFERENCE_GHRHR_PKA_GH_SIGNALING_PATHWAY (N00910)";28;24;""
"MEDICUS_REFERENCE_GH_JAK_STAT_SIGNALING_PATHWAY (N00907)";7;NA;"Rejected!"
"MEDICUS_REFERENCE_GLOBAL_GENOME_NER (N01425)";18;18;""
"MEDICUS_REFERENCE_GLUCONEOGENESIS (N01605)";5;NA;"Rejected!"
"MEDICUS_REFERENCE_GLUTATHIONE_BIOSYNTHESIS (N01589)";11;NA;"Rejected!"
"MEDICUS_REFERENCE_GLYCOGEN_BIOSYNTHESIS (N00713)";6;NA;"Rejected!"
"MEDICUS_REFERENCE_GLYCOGEN_DEGRADATION (N00718)";9;NA;"Rejected!"
"MEDICUS_REFERENCE_GLYCOGEN_DEGRADATION_AMYLASE_ (N00720)";9;NA;"Rejected!"
"MEDICUS_REFERENCE_GLYCOLYSIS (N00731)";25;22;""
"MEDICUS_REFERENCE_GLYCOSAMINOGLYCAN_BIOSYNTHESIS_LINKAGE_TETRASACCHARIDE (N01574)";5;NA;"Rejected!"
"MEDICUS_REFERENCE_GNRH_GNRHR_PLCB_PKC_SIGNALING_PATHWAY (N00873)";21;20;""
"MEDICUS_REFERENCE_GPCR_PI3K_SIGNALING_PATHWAY (N01657)";32;25;""
"MEDICUS_REFERENCE_GPCR_PLCB_ITPR_SIGNALING_PATHWAY (N01640)";50;44;""
"MEDICUS_REFERENCE_GPI_ANCHOR_BIOSYNTHESIS (N00748)";24;21;""
"MEDICUS_REFERENCE_HEDGEHOG_SIGNALING_PATHWAY (N00062)";14;NA;"Rejected!"
"MEDICUS_REFERENCE_HEDGEHOG_SIGNALING_PATHWAY_HH_LIGAND_SECRETION (N01537)";6;NA;"Rejected!"
"MEDICUS_REFERENCE_HEDGEHOG_SIGNALING_PATHWAY_PTCH_CORECEPTOR (N01538)";9;NA;"Rejected!"
"MEDICUS_REFERENCE_HEME_BIOSYNTHESIS (N00601)";9;NA;"Rejected!"
"MEDICUS_REFERENCE_HEPARAN_SULFATE_BIOSYNTHESIS (N01582)";11;NA;"Rejected!"
"MEDICUS_REFERENCE_HEPARAN_SULFATE_DEGRADATION (N00615)";7;NA;"Rejected!"
"MEDICUS_REFERENCE_HGF_MET_PI3K_SIGNALING_PATHWAY (N00043)";10;NA;"Rejected!"
"MEDICUS_REFERENCE_HGF_MET_RAS_ERK_SIGNALING_PATHWAY (N00216)";15;15;""
"MEDICUS_REFERENCE_HIF_1_SIGNALING_PATHWAY (N00079)";9;NA;"Rejected!"
"MEDICUS_REFERENCE_HOMOLOGOUS_RECOMBINATION (N01452)";33;30;""
"MEDICUS_REFERENCE_HOMOLOGOUS_RECOMBINATION_IN_ICLR (N01466)";16;15;""
"MEDICUS_REFERENCE_HORMONE_LIKE_CYTOKINE_TO_JAK_STAT_SIGNALING_PATHWAY (N01555)";17;NA;"Rejected!"
"MEDICUS_REFERENCE_HYDROLYSIS_OF_SPHINGOMYELIN (N00649)";8;NA;"Rejected!"
"MEDICUS_REFERENCE_ICOSLG_ICOS_PI3K_SIGNALING_PATHWAY (N01696)";9;NA;"Rejected!"
"MEDICUS_REFERENCE_IFN_RIPK1_3_SIGNALING_PATHWAY (N01662)";31;16;""
"MEDICUS_REFERENCE_IGF2_IGF1R_PI3K_SIGNALING_PATHWAY (N00234)";11;NA;"Rejected!"
"MEDICUS_REFERENCE_IGF_IGF1R_PI3K_SIGNALING_PATHWAY (N00582)";13;NA;"Rejected!"
"MEDICUS_REFERENCE_IGF_IGF1R_RAS_ERK_SIGNALING_PATHWAY (N00233)";16;15;""
"MEDICUS_REFERENCE_IGF_IGFR_PI3K_NFKB_SIGNALING_PATHWAY (N00182)";14;NA;"Rejected!"
"MEDICUS_REFERENCE_IGG_FCGR_RAC_SIGNALING_PATHWAY (N01090)";10;NA;"Rejected!"
"MEDICUS_REFERENCE_II_BLOOD_GROUP_ANTIGEN_BIOSYNTHESIS (N01678)";7;NA;"Rejected!"
"MEDICUS_REFERENCE_IL10_FAMILY_TO_JAK_STAT_SIGNALING_PATHWAY (N00415)";13;NA;"Rejected!"
"MEDICUS_REFERENCE_IL12_23_TO_JAK_STAT_SIGNALING_PATHWAY (N01557)";10;NA;"Rejected!"
"MEDICUS_REFERENCE_IL1_IL1R_JNK_SIGNALING_PATHWAY (N00188)";19;19;""
"MEDICUS_REFERENCE_IL1_IL1R_P38_SIGNALING_PATHWAY (N00186)";17;17;""
"MEDICUS_REFERENCE_IL2_FAMILY_TO_JAK_STAT_SIGNALING_PATHWAY (N01554)";23;19;""
"MEDICUS_REFERENCE_IL6_FAMILY_TO_JAK_STAT_SIGNALING_PATHWAY (N01556)";27;22;""
"MEDICUS_REFERENCE_INACTIVATION_OF_CONDENSIN_I (N01501)";6;NA;"Rejected!"
"MEDICUS_REFERENCE_INTRINSIC_APOPTOTIC_PATHWAY (N00098)";13;NA;"Rejected!"
"MEDICUS_REFERENCE_IRE1A_JNK_SIGNALING_PATHWAY (N01013)";7;NA;"Rejected!"
"MEDICUS_REFERENCE_ISOLEUCINE_DEGRADATION (N00856)";10;NA;"Rejected!"
"MEDICUS_REFERENCE_ITGA_B_FAK_CDC42_SIGNALING_PATHWAY (N01070)";26;25;""
"MEDICUS_REFERENCE_ITGA_B_FAK_RAC_SIGNALING_PATHWAY (N01068)";30;29;""
"MEDICUS_REFERENCE_ITGA_B_RHOGAP_RHOA_SIGNALING_PATHWAY (N00393)";23;22;""
"MEDICUS_REFERENCE_ITGA_B_RHOGEF_RHOA_SIGNALING_PATHWAY (N01072)";23;22;""
"MEDICUS_REFERENCE_ITGA_B_RHOG_RAC_SIGNALING_PATHWAY (N00951)";28;27;""
"MEDICUS_REFERENCE_ITGA_B_TALIN_VINCULIN_SIGNALING_PATHWAY (N01080)";30;29;""
"MEDICUS_REFERENCE_KEAP1_NRF2_SIGNALING_PATHWAY (N00243)";24;22;""
"MEDICUS_REFERENCE_KERATAN_SULFATE_DEGRADATION (N00623)";5;NA;"Rejected!"
"MEDICUS_REFERENCE_KINETOCHORE_FIBER_ORGANIZATION (N01547)";23;22;""
"MEDICUS_REFERENCE_KINETOCHORE_MICROTUBULE_ATTACHMENT (N01535)";20;19;""
"MEDICUS_REFERENCE_KISS1_KISS1R_PLCB_PKC_SIGNALING_PATHWAY (N00869)";11;NA;"Rejected!"
"MEDICUS_REFERENCE_KITLG_KIT_PI3K_SIGNALING_PATHWAY (N00045)";11;NA;"Rejected!"
"MEDICUS_REFERENCE_KITLG_KIT_RAS_ERK_SIGNALING_PATHWAY (N00215)";15;15;""
"MEDICUS_REFERENCE_LECTIN_PATHWAY_OF_COAGULATION_CASCADE_FIBRINOGEN_TO_FIBRIN (N01502)";10;NA;"Rejected!"
"MEDICUS_REFERENCE_LECTIN_PATHWAY_OF_COAGULATION_CASCADE_PROTHROMBIN_TO_THROMBIN (N01315)";8;NA;"Rejected!"
"MEDICUS_REFERENCE_LECTIN_PATHWAY_OF_COMPLEMENT_CASCADE_C4_C2_TO_C3_CONVERTASE_FORMATION (N01491)";11;NA;"Rejected!"
"MEDICUS_REFERENCE_LESION_BYPASS_BY_TLS_AND_DSB_FORMATION (N01465)";15;NA;"Rejected!"
"MEDICUS_REFERENCE_LEUCINE_DEGRADATION (N00851)";7;NA;"Rejected!"
"MEDICUS_REFERENCE_LEWIS_X_ANTIGEN_BIOSYNTHESIS (N01672)";5;NA;"Rejected!"
"MEDICUS_REFERENCE_LHCGR_GNAS_PKA_SIGNALING_PATHWAY (N00885)";16;NA;"Rejected!"
"MEDICUS_REFERENCE_LIGHT_HVEM_NFKB_SIGNALING_PATHWAY (N00559)";10;NA;"Rejected!"
"MEDICUS_REFERENCE_LOADING_OF_THE_SMC5_SMC6_COMPLEX (N01636)";11;NA;"Rejected!"
"MEDICUS_REFERENCE_LONG_PATCH_BER (N01436)";17;16;""
"MEDICUS_REFERENCE_LPAR_GNB_G_RHO_SIGNALING_PATHWAY (N00408)";23;20;""
"MEDICUS_REFERENCE_LPA_GNA12_13_RHOA_SIGNALING_PATHWAY (N01097)";13;NA;"Rejected!"
"MEDICUS_REFERENCE_LPA_GNAQ_11_RHOA_SIGNALING_PATHWAY (N01104)";9;NA;"Rejected!"
"MEDICUS_REFERENCE_LYSOSOMAL_CA2_RELEASE (N01644)";10;NA;"Rejected!"
"MEDICUS_REFERENCE_MACHR_CA2_APOPTOTIC_PATHWAY (N01000)";20;17;""
"MEDICUS_REFERENCE_MAGI_PTEN_SIGNALING_PATHWAY (N00342)";6;NA;"Rejected!"
"MEDICUS_REFERENCE_MANNOSE_TYPE_O_GLYCAN_BIOSYNTHESIS_FKTN_TO_LARGE (N00699)";6;NA;"Rejected!"
"MEDICUS_REFERENCE_MANNOSE_TYPE_O_GLYCAN_BIOSYNTHESIS_POMT_TO_POMK (N00627)";5;NA;"Rejected!"
"MEDICUS_REFERENCE_MDA5_IRF7_3_SIGNALING_PATHWAY (N01308)";24;NA;"Rejected!"
"MEDICUS_REFERENCE_MDM2_P21_CELL_CYCLE_G1_S_N00066 (N00066)";13;NA;"Rejected!"
"MEDICUS_REFERENCE_MDM2_P21_CELL_CYCLE_G1_S_N00536 (N00536)";11;NA;"Rejected!"
"MEDICUS_REFERENCE_MEMBRANE_INITIATED_PROGESTERONE_SIGNALING_PATHWAY (N01356)";9;NA;"Rejected!"
"MEDICUS_REFERENCE_METHIONINE_DEGRADATION (N01607)";10;NA;"Rejected!"
"MEDICUS_REFERENCE_MEVALONATE_PATHWAY (N01635)";12;NA;"Rejected!"
"MEDICUS_REFERENCE_MGLUR1_TRPC3_SIGNALING_PATHWAY (N00953)";13;NA;"Rejected!"
"MEDICUS_REFERENCE_MGLUR5_CA2_APOPTOTIC_PATHWAY (N00984)";22;21;""
"MEDICUS_REFERENCE_MICROTUBULE_DEPOLYMERIZATION (N01561)";23;22;""
"MEDICUS_REFERENCE_MICROTUBULE_DEPOLYMERIZATION_AT_THE_MINUS_ENDS (N01562)";20;19;""
"MEDICUS_REFERENCE_MICROTUBULE_NUCLEATION (N01544)";28;27;""
"MEDICUS_REFERENCE_MICROTUBULE_RHOA_SIGNALING_PATHWAY (N01285)";21;20;""
"MEDICUS_REFERENCE_MISMATCH_REPAIR (N01432)";26;25;""
"MEDICUS_REFERENCE_MITOCHONDRIAL_COMPLEX_UCP1_IN_THERMOGENESIS (N01691)";62;58;""
"MEDICUS_REFERENCE_MLK_JNK_SIGNALING_PATHWAY (N01594)";12;NA;"Rejected!"
"MEDICUS_REFERENCE_MODIFYING_OF_CONDENSIN_II_SUBUNITS (N01499)";6;NA;"Rejected!"
"MEDICUS_REFERENCE_MODIFYING_OF_CONDENSIN_I_SUBUNITS (N01500)";5;NA;"Rejected!"
"MEDICUS_REFERENCE_MYOSTATIN_SIGNALING_PATHWAY (N01457)";8;NA;"Rejected!"
"MEDICUS_REFERENCE_NAD_BIOSYNTHESIS (N01723)";12;NA;"Rejected!"
"MEDICUS_REFERENCE_NALP12_INFLAMMASOME_SIGNALING_PATHWAY (N01569)";5;NA;"Rejected!"
"MEDICUS_REFERENCE_NLRC4_INFLAMMASOME_SIGNALING_PATHWAY (N00867)";5;NA;"Rejected!"
"MEDICUS_REFERENCE_NLRP1_INFLAMMASOME_SIGNALING_PATHWAY (N01567)";5;NA;"Rejected!"
"MEDICUS_REFERENCE_NLRP3_INFLAMMASOME_SIGNALING_PATHWAY (N00742)";6;NA;"Rejected!"
"MEDICUS_REFERENCE_NODAL_SIGNALING_PATHWAY (N01459)";8;NA;"Rejected!"
"MEDICUS_REFERENCE_NOD_NFKB_SIGNALING_PATHWAY (N00940)";9;NA;"Rejected!"
"MEDICUS_REFERENCE_NON_CANONICAL_INFLAMMASOME_SIGNALING_PATHWAY (N00934)";7;NA;"Rejected!"
"MEDICUS_REFERENCE_NON_HOMOLOGOUS_END_JOINING (N01445)";13;NA;"Rejected!"
"MEDICUS_REFERENCE_NOTCH_LIGAND_UBIQUITYLATION (N01479)";9;NA;"Rejected!"
"MEDICUS_REFERENCE_NOTCH_MESP2_SIGNALING (N01481)";6;NA;"Rejected!"
"MEDICUS_REFERENCE_NOTCH_PROTEOLYTIC_ACTIVATION (N01478)";11;NA;"Rejected!"
"MEDICUS_REFERENCE_NOTCH_SIGNALING_PATHWAY (N00086)";13;NA;"Rejected!"
"MEDICUS_REFERENCE_NRG_ERBB4_PI3K_SIGNALING_PATHWAY (N01163)";11;NA;"Rejected!"
"MEDICUS_REFERENCE_NUCLEAR_EXPORT_OF_MRNA (N01152)";30;29;""
"MEDICUS_REFERENCE_NUCLEAR_INITIATED_ESTROGEN_SIGNALING_PATHWAY (N00286)";11;NA;"Rejected!"
"MEDICUS_REFERENCE_NUCLEAR_INITIATED_PROGESTERONE_SIGNALING_PATHWAY (N01362)";5;NA;"Rejected!"
"MEDICUS_REFERENCE_N_GLYCAN_BIOSYNTHESIS (N00820)";16;16;""
"MEDICUS_REFERENCE_N_GLYCAN_PRECURSOR_BIOSYNTHESIS_ALG6_TO_OST (N00681)";11;NA;"Rejected!"
"MEDICUS_REFERENCE_N_GLYCAN_PRECURSOR_BIOSYNTHESIS_ALG7_TO_ALG11 (N00653)";6;NA;"Rejected!"
"MEDICUS_REFERENCE_N_GLYCAN_PRECURSOR_BIOSYNTHESIS_GLC_6P_TO_MAN_P_DOL (N00667)";9;NA;"Rejected!"
"MEDICUS_REFERENCE_OKAZAKI_FRAGMENT_MATURATION (N01472)";11;NA;"Rejected!"
"MEDICUS_REFERENCE_ORGANIZATION_OF_THE_INNER_KINETOCHORE (N01525)";17;16;""
"MEDICUS_REFERENCE_ORGANIZATION_OF_THE_OUTER_KINETOCHORE (N01526)";19;17;""
"MEDICUS_REFERENCE_ORIGIN_UNWINDING_AND_ELONGATION (N01471)";30;30;""
"MEDICUS_REFERENCE_P15_CELL_CYCLE_G1_S (N00090)";13;NA;"Rejected!"
"MEDICUS_REFERENCE_P16_CELL_CYCLE_G1_S (N00069)";10;NA;"Rejected!"
"MEDICUS_REFERENCE_P27_CELL_CYCLE_G1_S (N00091)";14;NA;"Rejected!"
"MEDICUS_REFERENCE_P300_P21_CELL_CYCLE_G1_S (N00347)";15;15;""
"MEDICUS_REFERENCE_P4_PR_PI3K_SIGNALING_PATHWAY (N01358)";8;NA;"Rejected!"
"MEDICUS_REFERENCE_P4_PR_RAS_ERK_SIGNALING_PATHWAY (N01360)";16;16;""
"MEDICUS_REFERENCE_PDGF_PDGFR_PI3K_SIGNALING_PATHWAY (N00039)";13;NA;"Rejected!"
"MEDICUS_REFERENCE_PDGF_PDGFR_PLCG_CAMK_SIGNALING_PATHWAY (N00028)";17;16;""
"MEDICUS_REFERENCE_PDGF_PDGFR_RAS_ERK_SIGNALING_PATHWAY (N00015)";17;17;""
"MEDICUS_REFERENCE_PDL_PD1_SHP_PI3K_SIGNALING_PATHWAY (N01165)";9;NA;"Rejected!"
"MEDICUS_REFERENCE_PINK_PARKIN_MEDIATED_AUTOPHAGOSOME_FORMATION (N01137)";17;17;""
"MEDICUS_REFERENCE_PKA_HOLOENZYME (N01542)";7;NA;"Rejected!"
"MEDICUS_REFERENCE_PKR_EIF2ALPHA_SIGNALING_PATHWAY (N00571)";7;NA;"Rejected!"
"MEDICUS_REFERENCE_PLASMIN_MEDIATED_ACTIVATION_OF_LATENT_TGF_BETA (N01460)";8;NA;"Rejected!"
"MEDICUS_REFERENCE_PP2A_AKT_SIGNALING_PATHWAY (N00355)";19;18;""
"MEDICUS_REFERENCE_PRE_IC_FORMATION (N01470)";27;27;""
"MEDICUS_REFERENCE_PRL_JAK_STAT_SIGNALING_PATHWAY (N00920)";5;NA;"Rejected!"
"MEDICUS_REFERENCE_PRNP_PI3K_NOX2_SIGNALING_PATHWAY (N01204)";29;28;""
"MEDICUS_REFERENCE_PROK_PRKR_GI_ERK_SIGNALING_PATHWAY (N00879)";9;NA;"Rejected!"
"MEDICUS_REFERENCE_PROMOTION_OF_MICROTUBULE_GROWTH (N01553)";22;21;""
"MEDICUS_REFERENCE_PTH_PTH1R_PKA_SIGNALING_PATHWAY (N00288)";15;NA;"Rejected!"
"MEDICUS_REFERENCE_PURINE_SALVAGE_PATHWAY_ADENINE_TO_AMP (N01418)";11;NA;"Rejected!"
"MEDICUS_REFERENCE_PURINE_SALVAGE_PATHWAY_HYPOXANTHINE_GUANINE_TO_IMP_GMP (N01421)";11;NA;"Rejected!"
"MEDICUS_REFERENCE_PYRIN_INFLAMMASOME_SIGNALING_PATHWAY (N00868)";5;NA;"Rejected!"
"MEDICUS_REFERENCE_RAB7_REGULATED_MICROTUBULE_MINUS_END_DIRECTED_TRANSPORT (N01295)";43;41;""
"MEDICUS_REFERENCE_RAC_CDC42_PAK_ERK_SIGNALING_PATHWAY (N01119)";10;NA;"Rejected!"
"MEDICUS_REFERENCE_RAD51_DSDNA_DESTABILIZATION (N01539)";11;NA;"Rejected!"
"MEDICUS_REFERENCE_RECRUITMENT_AND_FORMATION_OF_THE_MCC (N01529)";10;NA;"Rejected!"
"MEDICUS_REFERENCE_REGULATION_OF_COMPLEMENT_CASCADE_CFHR (N01504)";6;NA;"Rejected!"
"MEDICUS_REFERENCE_REGULATION_OF_COMPLEMENT_CASCADE_MAC_INHIBITION (N01505)";9;NA;"Rejected!"
"MEDICUS_REFERENCE_REGULATION_OF_EXTRINSIC_APOPTOTIC_PATHWAY_XIAP (N01583)";5;NA;"Rejected!"
"MEDICUS_REFERENCE_REGULATION_OF_FIBRINOLYTIC_SYSTEM_C1INH (N01520)";6;NA;"Rejected!"
"MEDICUS_REFERENCE_REGULATION_OF_FIBRINOLYTIC_SYSTEM_PAI (N01524)";6;NA;"Rejected!"
"MEDICUS_REFERENCE_REGULATION_OF_GF_RTK_RAS_ERK_SIGNALING_MRAS_SHOC2_PP1_HOLOPHOSPHATASE (N01598)";8;NA;"Rejected!"
"MEDICUS_REFERENCE_REGULATION_OF_GF_RTK_RAS_ERK_SIGNALING_PATHWAY_ADAPTOR_PROTEINS (N01595)";10;NA;"Rejected!"
"MEDICUS_REFERENCE_REGULATION_OF_GF_RTK_RAS_ERK_SIGNALING_PTP (N01593)";20;20;""
"MEDICUS_REFERENCE_REGULATION_OF_GF_RTK_RAS_ERK_SIGNALING_RASGAP (N01600)";8;NA;"Rejected!"
"MEDICUS_REFERENCE_REGULATION_OF_GF_RTK_RAS_ERK_SIGNALING_RAS_UBIQUITINATION_BY_CUL3_COMPLEX (N01596)";6;NA;"Rejected!"
"MEDICUS_REFERENCE_REGULATION_OF_GF_RTK_RAS_ERK_SIGNALING_SPRED_AND_NF1 (N01597)";6;NA;"Rejected!"
"MEDICUS_REFERENCE_REGULATION_OF_GF_RTK_RAS_ERK_SIGNALING_UBIQUITINATION_OF_RTK_BY_CBL (N01599)";25;25;""
"MEDICUS_REFERENCE_REGULATION_OF_NLRP3_INFLAMMASOME_SIGNALING_PATHWAY_NLRP3_INHIBITION (N01568)";5;NA;"Rejected!"
"MEDICUS_REFERENCE_REGULATION_OF_SERCA (N01646)";8;NA;"Rejected!"
"MEDICUS_REFERENCE_REGULATION_OF_TNF_NFKB_SIGNALING_PATHWAY_LUBAC_MEDIATED_LINEAR_UBIQUITINATION (N01545)";6;NA;"Rejected!"
"MEDICUS_REFERENCE_RELN_VLDLR_PI3K_SIGNALING_PATHWAY (N00963)";15;15;""
"MEDICUS_REFERENCE_RETROGRADE_AXONAL_TRANSPORT (N00976)";43;41;""
"MEDICUS_REFERENCE_RIG_I_IRF7_3_SIGNALING_PATHWAY (N00469)";24;NA;"Rejected!"
"MEDICUS_REFERENCE_RIG_I_NFKB_SIGNALING_PATHWAY (N00688)";22;NA;"Rejected!"
"MEDICUS_REFERENCE_RORA_MEDIATED_TRANSCRIPTION (N00965)";5;NA;"Rejected!"
"MEDICUS_REFERENCE_RTK_PLCG_ITPR_SIGNALING_PATHWAY (N01641)";55;50;""
"MEDICUS_REFERENCE_SEROTONIN_METABOLISM (N01551)";5;NA;"Rejected!"
"MEDICUS_REFERENCE_SIALYL_LEWIS_X_ANTIGEN_BIOSYNTHESIS (N01674)";6;NA;"Rejected!"
"MEDICUS_REFERENCE_SKELETAL_TYPE_VGCC_RYR_SIGNALING (N01638)";21;20;""
"MEDICUS_REFERENCE_SPINDLE_ASSEMBLY_CHECKPOINT_SIGNALING (N00493)";21;20;""
"MEDICUS_REFERENCE_STEROID_HORMONE_BIOSYNTHESIS_PROGESTERONE_TO_CORTISOL_CORTISONE (N00338)";5;NA;"Rejected!"
"MEDICUS_REFERENCE_STRAD_STK11_TSC_SIGNALING_PATHWAY (N01576)";8;NA;"Rejected!"
"MEDICUS_REFERENCE_TAC3_TACR3_PLC_PKC_SIGNALING_PATHWAY (N00882)";10;NA;"Rejected!"
"MEDICUS_REFERENCE_TBK1_MEDIATED_AUTOPHAGOSOME_FORMATION (N01140)";10;NA;"Rejected!"
"MEDICUS_REFERENCE_TCR_PLCG_ITPR_SIGNALING_PATHWAY (N01106)";19;17;""
"MEDICUS_REFERENCE_TELOMERASE_RNA_MATURATION (N01475)";5;NA;"Rejected!"
"MEDICUS_REFERENCE_TELOMERE_ELONGATION (N01477)";19;17;""
"MEDICUS_REFERENCE_TESTOSTERONE_BIOSYNTHESIS (N01541)";11;NA;"Rejected!"
"MEDICUS_REFERENCE_TETHERING_OF_LATE_ENDOSOMES_AND_LYSOSOMES (N01300)";10;NA;"Rejected!"
"MEDICUS_REFERENCE_TGFA_EGFR_PI3K_SIGNALING_PATHWAY (N00231)";9;NA;"Rejected!"
"MEDICUS_REFERENCE_TGFA_EGFR_PLCG_PKC_SIGNALING_PATHWAY (N00227)";8;NA;"Rejected!"
"MEDICUS_REFERENCE_TGFA_EGFR_RAS_ERK_SIGNALING_PATHWAY (N00229)";15;15;""
"MEDICUS_REFERENCE_TGF_BETA_SIGNALING_PATHWAY (N00063)";8;NA;"Rejected!"
"MEDICUS_REFERENCE_THYROID_HORMONE_SIGNALING_PATHWAY (N00798)";9;NA;"Rejected!"
"MEDICUS_REFERENCE_TIGHT_JUNCTION_ACTIN_SIGNALING_PATHWAY (N01287)";37;31;""
"MEDICUS_REFERENCE_TLR1_2_4_NFKB_SIGNALING_PATHWAY (N00435)";20;17;""
"MEDICUS_REFERENCE_TLR2_4_MAPK_SIGNALING_PATHWAY (N00438)";26;26;""
"MEDICUS_REFERENCE_TLR3_IRF3_SIGNALING_PATHWAY (N00149)";9;NA;"Rejected!"
"MEDICUS_REFERENCE_TLR3_IRF7_SIGNALING_PATHWAY (N00148)";19;NA;"Rejected!"
"MEDICUS_REFERENCE_TLR3_NFKB_SIGNALING_PATHWAY (N00563)";10;NA;"Rejected!"
"MEDICUS_REFERENCE_TLR4_IRF3_7_SIGNALING_PATHWAY (N00553)";9;NA;"Rejected!"
"MEDICUS_REFERENCE_TLR5_NFKB_SIGNALING_PATHWAY (N01566)";17;NA;"Rejected!"
"MEDICUS_REFERENCE_TLR7_8_9_IRF5_SIGNALING_PATHWAY (N01543)";22;NA;"Rejected!"
"MEDICUS_REFERENCE_TLR7_9_IRF7_SIGNALING_PATHWAY (N00690)";20;NA;"Rejected!"
"MEDICUS_REFERENCE_TNFSF10_RIPK1_3_SIGNALING_PATHWAY (N01631)";5;NA;"Rejected!"
"MEDICUS_REFERENCE_TNF_JNK_SIGNALING_PATHWAY (N00446)";16;15;""
"MEDICUS_REFERENCE_TNF_NFKB_SIGNALING_PATHWAY (N00151)";16;15;""
"MEDICUS_REFERENCE_TNF_P38_SIGNALING_PATHWAY (N00444)";24;23;""
"MEDICUS_REFERENCE_TNF_RIPK1_3_SIGNALING_PATHWAY (N01621)";7;NA;"Rejected!"
"MEDICUS_REFERENCE_TRAIP_DEPENDENT_REPLISOME_DISASSEMBLY (N01474)";16;16;""
"MEDICUS_REFERENCE_TRANSCRIPTIONAL_ACTIVATION_BY_ACETYLATION_OF_H3K27 (N01701)";15;15;""
"MEDICUS_REFERENCE_TRANSCRIPTION_COUPLED_NER (N01430)";31;30;""
"MEDICUS_REFERENCE_TRANSLATION_INITIATION (N01317)";81;76;""
"MEDICUS_REFERENCE_TRANSPORT_OF_CALCIUM (N00970)";5;NA;"Rejected!"
"MEDICUS_REFERENCE_TRAPPI_RAB1_SIGNALING_PATHWAY (N01291)";9;NA;"Rejected!"
"MEDICUS_REFERENCE_TRH_TRHR_PLCB_PKC_SIGNALING_PATHWAY (N00918)";12;NA;"Rejected!"
"MEDICUS_REFERENCE_TSC1_2_MTORC1_SIGNALING_PATHWAY (N01575)";11;NA;"Rejected!"
"MEDICUS_REFERENCE_TSH_DUOX2_TG_SIGNALING_PATHWAY (N00793)";12;NA;"Rejected!"
"MEDICUS_REFERENCE_TSH_TG_SIGNALING_PATHWAY (N00782)";29;28;""
"MEDICUS_REFERENCE_TYPE_II_INTERFERON_TO_JAK_STAT_SIGNALING_PATHWAY (N01559)";21;NA;"Rejected!"
"MEDICUS_REFERENCE_TYPE_I_IFN_SIGNALING_PATHWAY (N00150)";23;NA;"Rejected!"
"MEDICUS_REFERENCE_TYPE_I_INTERFERON_TO_JAK_STAT_SIGNALING_PATHWAY (N01558)";24;NA;"Rejected!"
"MEDICUS_REFERENCE_TYROSINE_DEGRADATION (N00708)";5;NA;"Rejected!"
"MEDICUS_REFERENCE_UCHL1_MEDIATED_HYDROLYSIS (N01027)";5;NA;"Rejected!"
"MEDICUS_REFERENCE_UREA_CYCLE (N00593)";6;NA;"Rejected!"
"MEDICUS_REFERENCE_VALINE_DEGRADATION (N00852)";8;NA;"Rejected!"
"MEDICUS_REFERENCE_VGCC_CA2_APOPTOTIC_PATHWAY (N00967)";23;21;""
"MEDICUS_REFERENCE_V_D_J_RECOMBINATION (N01467)";12;NA;"Rejected!"
"MEDICUS_REFERENCE_WEE1_CELL_CYCLE_G2_M (N00459)";7;NA;"Rejected!"
"MEDICUS_REFERENCE_WNT5A_ROR_SIGNALING_PATHWAY (N01427)";16;15;""
"MEDICUS_REFERENCE_WNT_SIGNALING_MODULATION_LGR_RSPO (N01440)";19;17;""
"MEDICUS_REFERENCE_WNT_SIGNALING_MODULATION_SOST_LRP4 (N01441)";14;NA;"Rejected!"
"MEDICUS_REFERENCE_WNT_SIGNALING_MODULATION_WNT_ACYLATION (N01443)";19;17;""
"MEDICUS_REFERENCE_WNT_SIGNALING_MODULATION_WNT_INHIBITOR (N01442)";28;25;""
"MEDICUS_REFERENCE_WNT_SIGNALING_PATHWAY (N00056)";46;43;""
"MEDICUS_VARIANT_AML1_ETO_FUSION_TO_PU.1_MEDIATED_TRANSCRIPTION (N00112)";5;NA;"Rejected!"
"MEDICUS_VARIANT_AMPLIFIED_CCND1_TO_CELL_CYCLE_G1_S (N00275)";6;NA;"Rejected!"
"MEDICUS_VARIANT_AMPLIFIED_CCNE_TO_CELL_CYCLE_G1_S (N00255)";6;NA;"Rejected!"
"MEDICUS_VARIANT_AMPLIFIED_CDK4_TO_CELL_CYCLE_G1_S (N00072)";8;NA;"Rejected!"
"MEDICUS_VARIANT_AMPLIFIED_EGFR_TO_PI3K_SIGNALING_PATHWAY (N00035)";8;NA;"Rejected!"
"MEDICUS_VARIANT_AMPLIFIED_EGFR_TO_PLCG_CAMK_SIGNALING_PATHWAY (N00027)";14;NA;"Rejected!"
"MEDICUS_VARIANT_AMPLIFIED_FGFR_TO_PI3K_SIGNALING_PATHWAY (N00038)";9;NA;"Rejected!"
"MEDICUS_VARIANT_AMPLIFIED_FGFR_TO_RAS_ERK_SIGNALING_PATHWAY (N00020)";15;15;""
"MEDICUS_VARIANT_AMPLIFIED_MDM2_TO_P21_CELL_CYCLE_G1_S (N00068)";12;NA;"Rejected!"
"MEDICUS_VARIANT_AMPLIFIED_MET_TO_PI3K_SIGNALING_PATHWAY (N00260)";9;NA;"Rejected!"
"MEDICUS_VARIANT_AMPLIFIED_MYCN_TO_TRANSCRIPTIONAL_ACTIVATION (N00131)";6;NA;"Rejected!"
"MEDICUS_VARIANT_AMPLIFIED_MYCN_TO_TRANSCRIPTIONAL_REPRESSION (N00132)";6;NA;"Rejected!"
"MEDICUS_VARIANT_AMPLIFIED_MYC_TO_CELL_CYCLE_G1_S (N00089)";11;NA;"Rejected!"
"MEDICUS_VARIANT_AMPLIFIED_MYC_TO_P27_CELL_CYCLE_G1_S (N00092)";15;15;""
"MEDICUS_VARIANT_AMPLIFIED_PDGFR_TO_PI3K_SIGNALING_PATHWAY (N00040)";8;NA;"Rejected!"
"MEDICUS_VARIANT_AMPLIFIED_PDGFR_TO_PLCG_CAMK_SIGNALING_PATHWAY (N00029)";14;NA;"Rejected!"
"MEDICUS_VARIANT_AMPLIFIED_PDGFR_TO_RAS_ERK_SIGNALING_PATHWAY (N00018)";14;NA;"Rejected!"
"MEDICUS_VARIANT_AMPLIFIED_REL_TO_TRANSCRIPTION (N00123)";8;NA;"Rejected!"
"MEDICUS_VARIANT_BCL2_OVEREXPRESSION_TO_INTRINSIC_APOPTOTIC_PATHWAY (N00100)";7;NA;"Rejected!"
"MEDICUS_VARIANT_BCR_ABL_FUSION_KINASE_TO_PI3K_SIGNALING_PATHWAY (N00048)";11;NA;"Rejected!"
"MEDICUS_VARIANT_BCR_ABL_FUSION_KINASE_TO_RAS_ERK_SIGNALING_PATHWAY (N00002)";14;NA;"Rejected!"
"MEDICUS_VARIANT_CDH1_REDUCED_EXPRESSION_TO_BETA_CATENIN_SIGNALING_PATHWAY (N00061)";8;NA;"Rejected!"
"MEDICUS_VARIANT_CDX2_OVEREXPRESSION_TO_TRANSCRIPTIONAL_ACTIVATION (N00250)";5;NA;"Rejected!"
"MEDICUS_VARIANT_CYP11B1_CYP11B2_FUSION_TO_ACTH_CORTISOL_SIGNALING_PATHWAY (N00298)";31;27;""
"MEDICUS_VARIANT_DELETED_DMD_TO_DYSTROPHIN_ASSOCIATED_PROTEIN_COMPLEX (N00465)";10;NA;"Rejected!"
"MEDICUS_VARIANT_DUPLICATION_OR_MUTATION_ACTIVATED_FLT3_TO_JAK_STAT_SIGNALING_PATHWAY (N00054)";5;NA;"Rejected!"
"MEDICUS_VARIANT_DUPLICATION_OR_MUTATION_ACTIVATED_FLT3_TO_RAS_ERK_SIGNALING_PATHWAY (N00004)";14;NA;"Rejected!"
"MEDICUS_VARIANT_DUPLICATION_OR_MUTATION_ACTIVATED_FLT3_TO_RAS_PI3K_SIGNALING_PATHWAY (N00031)";14;NA;"Rejected!"
"MEDICUS_VARIANT_EGFR_OVEREXPRESSION_TO_PI3K_SIGNALING_PATHWAY (N00042)";10;NA;"Rejected!"
"MEDICUS_VARIANT_EGF_OVEREXPRESSION_TO_PI3K_SIGNALING_PATHWAY (N00281)";8;NA;"Rejected!"
"MEDICUS_VARIANT_EGF_OVEREXPRESSION_TO_RAS_ERK_SIGNALING_PATHWAY (N00276)";15;15;""
"MEDICUS_VARIANT_EML4_ALK_FUSION_KINASE_TO_JAK_STAT_SIGNALING_PATHWAY (N00105)";5;NA;"Rejected!"
"MEDICUS_VARIANT_EML4_ALK_FUSION_KINASE_TO_PI3K_SIGNALING_PATHWAY (N00047)";8;NA;"Rejected!"
"MEDICUS_VARIANT_EML4_ALK_FUSION_KINASE_TO_PLCG_ERK_SIGNALING_PATHWAY (N00025)";14;NA;"Rejected!"
"MEDICUS_VARIANT_EML4_ALK_FUSION_KINASE_TO_RAS_ERK_SIGNALING_PATHWAY (N00007)";12;NA;"Rejected!"
"MEDICUS_VARIANT_ERBB2_OVEREXPRESSION_TO_EGF_JAK_STAT_SIGNALING_PATHWAY (N00095)";7;NA;"Rejected!"
"MEDICUS_VARIANT_ERBB2_OVEREXPRESSION_TO_PI3K_SIGNALING_PATHWAY (N00034)";12;NA;"Rejected!"
"MEDICUS_VARIANT_ESR1_POSITIVE_TO_NUCLEAR_INITIATED_ESTROGEN_SIGNALING_PATHWAY (N00287)";5;NA;"Rejected!"
"MEDICUS_VARIANT_EWSR1_WT1_FUSION_TO_TRANSCRIPTIONAL_ACTIVATION (N00137)";6;NA;"Rejected!"
"MEDICUS_VARIANT_FUS_DDIT3_FUSION_TO_NFKB_MEDIATED_TRANSCRIPTION (N00140)";5;NA;"Rejected!"
"MEDICUS_VARIANT_FZD7_OVEREXPRESSION_TO_WNT_SIGNALING_PATHWAY (N00059)";37;35;""
"MEDICUS_VARIANT_HRAS_OVEREXPRESSION_TO_ERK_SIGNALING_PATHWAY (N00077)";10;NA;"Rejected!"
"MEDICUS_VARIANT_IGF2_OVEREXPRESSION_TO_RAS_ERK_SIGNALING_PATHWAY (N00235)";15;NA;"Rejected!"
"MEDICUS_VARIANT_IGH_MMSET_FUSION_TO_TRANSCRIPTIONAL_ACTIVATION (N00125)";19;16;""
"MEDICUS_VARIANT_LMO2_REARRANGEMENT_TO_TRANSCRIPTIONAL_ACTIVATION (N00121)";5;NA;"Rejected!"
"MEDICUS_VARIANT_LMO2_REARRANGEMENT_TO_TRANSCRIPTIONAL_REPRESSION (N00122)";5;NA;"Rejected!"
"MEDICUS_VARIANT_LOSS_OF_CDKN1B_TO_P27_CELL_CYCLE_G1_S (N00093)";8;NA;"Rejected!"
"MEDICUS_VARIANT_LOSS_OF_NKX3_1_TO_PI3K_SIGNALING_PATHWAY (N00082)";5;NA;"Rejected!"
"MEDICUS_VARIANT_LOSS_OF_RASSF1_TO_RAS_RASSF1_SIGNALING_PATHWAY (N00097)";6;NA;"Rejected!"
"MEDICUS_VARIANT_LOSS_OF_VHL_TO_HIF_1_SIGNALING_PATHWAY (N00080)";14;NA;"Rejected!"
"MEDICUS_VARIANT_LRP6_OVEREXPRESSION_TO_WNT_SIGNALING_PATHWAY (N00060)";45;42;""
"MEDICUS_VARIANT_MET_OVEREXPRESSION_TO_RAS_ERK_SIGNALING_PATHWAY (N00248)";14;NA;"Rejected!"
"MEDICUS_VARIANT_MLL_AF4_FUSION_TO_TRANSCRIPTIONAL_ACTIVATION (N00119)";26;24;""
"MEDICUS_VARIANT_MLL_ENL_FUSION_TO_TRANSCRIPTIONAL_ACTIVATION (N00120)";13;NA;"Rejected!"
"MEDICUS_VARIANT_MUTATION_ACTIVATED_BRAF_TO_ERK_SIGNALING_PATHWAY (N00013)";5;NA;"Rejected!"
"MEDICUS_VARIANT_MUTATION_ACTIVATED_CACNA1D_H_TO_ANGIOTENSIN_ALDOSTERONE_SIGNALING_PATHWAY (N00302)";24;22;""
"MEDICUS_VARIANT_MUTATION_ACTIVATED_EGFR_TO_PI3K_SIGNALING_PATHWAY (N00036)";8;NA;"Rejected!"
"MEDICUS_VARIANT_MUTATION_ACTIVATED_EGFR_TO_PLCG_ERK_SIGNALING_PATHWAY (N00024)";14;NA;"Rejected!"
"MEDICUS_VARIANT_MUTATION_ACTIVATED_EGFR_TO_RAS_ERK_SIGNALING_PATHWAY (N00014)";15;15;""
"MEDICUS_VARIANT_MUTATION_ACTIVATED_FGFR3_TO_RAS_ERK_SIGNALING_PATHWAY (N00011)";16;16;""
"MEDICUS_VARIANT_MUTATION_ACTIVATED_GNAS_TO_ACTH_CORTISOL_SIGNALING_PATHWAY (N00321)";29;26;""
"MEDICUS_VARIANT_MUTATION_ACTIVATED_GNAS_TO_CRHR_PKA_ACTH_SIGNALING_PATHWAY (N00326)";24;23;""
"MEDICUS_VARIANT_MUTATION_ACTIVATED_KCNJ5_TO_ANGIOTENSIN_ALDOSTERONE_SIGNALING_PATHWAY (N00303)";25;23;""
"MEDICUS_VARIANT_MUTATION_ACTIVATED_KIT_TO_PI3K_SIGNALING_PATHWAY (N00046)";8;NA;"Rejected!"
"MEDICUS_VARIANT_MUTATION_ACTIVATED_KIT_TO_RAS_ERK_SIGNALING_PATHWAY (N00003)";14;NA;"Rejected!"
"MEDICUS_VARIANT_MUTATION_ACTIVATED_KRAS_NRAS_TO_ERK_SIGNALING_PATHWAY (N00012)";10;NA;"Rejected!"
"MEDICUS_VARIANT_MUTATION_ACTIVATED_KRAS_NRAS_TO_PI3K_SIGNALING_PATHWAY (N00032)";9;NA;"Rejected!"
"MEDICUS_VARIANT_MUTATION_ACTIVATED_LRRK2_TO_INTRINSIC_APOPTOTIC_PATHWAY (N01047)";5;NA;"Rejected!"
"MEDICUS_VARIANT_MUTATION_ACTIVATED_MET_TO_PI3K_SIGNALING_PATHWAY (N00044)";9;NA;"Rejected!"
"MEDICUS_VARIANT_MUTATION_ACTIVATED_MET_TO_RAS_ERK_SIGNALING_PATHWAY (N00005)";15;15;""
"MEDICUS_VARIANT_MUTATION_ACTIVATED_PI3K_TO_PI3K_SIGNALING_PATHWAY (N00049)";7;NA;"Rejected!"
"MEDICUS_VARIANT_MUTATION_ACTIVATED_PRKACA_TO_ACTH_CORTISOL_SIGNALING_PATHWAY (N00320)";17;15;""
"MEDICUS_VARIANT_MUTATION_ACTIVATED_PRKCG_TO_MGLUR1_TRPC3_SIGNALING_PATHWAY (N00956)";11;NA;"Rejected!"
"MEDICUS_VARIANT_MUTATION_ACTIVATED_RET_TO_PI3K_SIGNALING_PATHWAY (N01065)";8;NA;"Rejected!"
"MEDICUS_VARIANT_MUTATION_ACTIVATED_SMO_TO_HEDGEHOG_SIGNALING_PATHWAY (N00017)";29;27;""
"MEDICUS_VARIANT_MUTATION_ACTIVATED_USP8_TO_EGFR_ERK_ACTH_SIGNALING_PATHWAY (N00319)";5;NA;"Rejected!"
"MEDICUS_VARIANT_MUTATION_CAUSED_ABBERANT_ATXN2_3_TO_MGLUR5_CA2_APOPTOTIC_PATHWAY (N00957)";18;17;""
"MEDICUS_VARIANT_MUTATION_CAUSED_ABERRANT_ABETA_TO_26S_PROTEASOME_MEDIATED_PROTEIN_DEGRADATION (N01060)";36;36;""
"MEDICUS_VARIANT_MUTATION_CAUSED_ABERRANT_ABETA_TO_AGE_RAGE_SIGNALING_PATHWAY (N00996)";17;16;""
"MEDICUS_VARIANT_MUTATION_CAUSED_ABERRANT_ABETA_TO_ANTEROGRADE_AXONAL_TRANSPORT (N01018)";24;22;""
"MEDICUS_VARIANT_MUTATION_CAUSED_ABERRANT_ABETA_TO_CROSSTALK_BETWEEN_EXTRINSIC_AND_INTRINSIC_APOPTOTIC_PATHWAYS (N01005)";11;NA;"Rejected!"
"MEDICUS_VARIANT_MUTATION_CAUSED_ABERRANT_ABETA_TO_ELECTRON_TRANSFER_IN_COMPLEX_I (N00997)";51;49;""
"MEDICUS_VARIANT_MUTATION_CAUSED_ABERRANT_ABETA_TO_ELECTRON_TRANSFER_IN_COMPLEX_IV (N00999)";20;18;""
"MEDICUS_VARIANT_MUTATION_CAUSED_ABERRANT_ABETA_TO_IRE1A_JNK_SIGNALING_PATHWAY (N01014)";6;NA;"Rejected!"
"MEDICUS_VARIANT_MUTATION_CAUSED_ABERRANT_ABETA_TO_MACHR_CA2_APOPTOTIC_PATHWAY (N01001)";21;18;""
"MEDICUS_VARIANT_MUTATION_CAUSED_ABERRANT_ABETA_TO_MGLUR5_CA2_APOPTOTIC_PATHWAY (N01002)";22;21;""
"MEDICUS_VARIANT_MUTATION_CAUSED_ABERRANT_ABETA_TO_TRANSPORT_OF_CALCIUM (N01003)";15;NA;"Rejected!"
"MEDICUS_VARIANT_MUTATION_CAUSED_ABERRANT_ABETA_TO_VGCC_CA2_APOPTOTIC_PATHWAY_N01004 (N01004)";14;NA;"Rejected!"
"MEDICUS_VARIANT_MUTATION_CAUSED_ABERRANT_ABETA_TO_VGCC_CA2_APOPTOTIC_PATHWAY_N01006 (N01006)";10;NA;"Rejected!"
"MEDICUS_VARIANT_MUTATION_CAUSED_ABERRANT_ATXN1_TO_RORA_MEDIATED_TRANSCRIPTION (N00966)";6;NA;"Rejected!"
"MEDICUS_VARIANT_MUTATION_CAUSED_ABERRANT_DCTN1_TO_RETROGRADE_AXONAL_TRANSPORT (N01158)";18;17;""
"MEDICUS_VARIANT_MUTATION_CAUSED_ABERRANT_HTT_TO_26S_PROTEASOME_MEDIATED_PROTEIN_DEGRADATION (N01061)";36;36;""
"MEDICUS_VARIANT_MUTATION_CAUSED_ABERRANT_HTT_TO_ANTEROGRADE_AXONAL_TRANSPORT (N00979)";26;25;""
"MEDICUS_VARIANT_MUTATION_CAUSED_ABERRANT_HTT_TO_AUTOPHAGY_VESICLE_NUCLEATION (N00993)";6;NA;"Rejected!"
"MEDICUS_VARIANT_MUTATION_CAUSED_ABERRANT_HTT_TO_CREB_MEDIATED_TRANSCRIPTION (N00981)";13;NA;"Rejected!"
"MEDICUS_VARIANT_MUTATION_CAUSED_ABERRANT_HTT_TO_ELECTRON_TRANSFER_IN_COMPLEX_II (N00989)";5;NA;"Rejected!"
"MEDICUS_VARIANT_MUTATION_CAUSED_ABERRANT_HTT_TO_ELECTRON_TRANSFER_IN_COMPLEX_III (N00991)";12;NA;"Rejected!"
"MEDICUS_VARIANT_MUTATION_CAUSED_ABERRANT_HTT_TO_EXTRINSIC_APOPTOTIC_PATHWAY (N00983)";5;NA;"Rejected!"
"MEDICUS_VARIANT_MUTATION_CAUSED_ABERRANT_HTT_TO_MGLUR5_CA2_APOPTOTIC_PATHWAY (N00985)";23;22;""
"MEDICUS_VARIANT_MUTATION_CAUSED_ABERRANT_HTT_TO_REST_MEDIATED_TRANSCRIPTIONAL_REPRESSION (N00980)";7;NA;"Rejected!"
"MEDICUS_VARIANT_MUTATION_CAUSED_ABERRANT_HTT_TO_RETROGRADE_AXONAL_TRANSPORT (N00977)";45;43;""
"MEDICUS_VARIANT_MUTATION_CAUSED_ABERRANT_HTT_TO_TNF_JNK_SIGNALING_PATHWAY (N00992)";6;NA;"Rejected!"
"MEDICUS_VARIANT_MUTATION_CAUSED_ABERRANT_HTT_TO_TRANSPORT_OF_CALCIUM (N00987)";19;18;""
"MEDICUS_VARIANT_MUTATION_CAUSED_ABERRANT_PDYN_TO_TRANSPORT_OF_CALCIUM (N00971)";6;NA;"Rejected!"
"MEDICUS_VARIANT_MUTATION_CAUSED_ABERRANT_PSEN1_TO_ANTEROGRADE_AXONAL_TRANSPORT (N01017)";9;NA;"Rejected!"
"MEDICUS_VARIANT_MUTATION_CAUSED_ABERRANT_PSEN1_TO_MGLUR5_CA2_APOPTOTIC_PATHWAY (N01008)";13;NA;"Rejected!"
"MEDICUS_VARIANT_MUTATION_CAUSED_ABERRANT_PSEN1_TO_PERK_ATF4_SIGNALING_PATHWAY (N01010)";5;NA;"Rejected!"
"MEDICUS_VARIANT_MUTATION_CAUSED_ABERRANT_PSEN_TO_MGLUR5_CA2_APOPTOTIC_PATHWAY (N01007)";16;15;""
"MEDICUS_VARIANT_MUTATION_CAUSED_ABERRANT_SNCA_TO_26S_PROTEASOME_MEDIATED_PROTEIN_DEGRADATION (N01030)";36;36;""
"MEDICUS_VARIANT_MUTATION_CAUSED_ABERRANT_SNCA_TO_ANTEROGRADE_AXONAL_TRANSPORT (N01055)";25;24;""
"MEDICUS_VARIANT_MUTATION_CAUSED_ABERRANT_SNCA_TO_ELECTRON_TRANSFER_IN_COMPLEX_I (N01042)";45;44;""
"MEDICUS_VARIANT_MUTATION_CAUSED_ABERRANT_SNCA_TO_PERK_ATF4_SIGNALING_PATHWAY (N01035)";6;NA;"Rejected!"
"MEDICUS_VARIANT_MUTATION_CAUSED_ABERRANT_SNCA_TO_VGCC_CA2_APOPTOTIC_PATHWAY (N01031)";13;NA;"Rejected!"
"MEDICUS_VARIANT_MUTATION_CAUSED_ABERRANT_SOD1_TO_26S_PROTEASOME_MEDIATED_PROTEIN_DEGRADATION (N01144)";41;41;""
"MEDICUS_VARIANT_MUTATION_CAUSED_ABERRANT_SOD1_TO_INTRINSIC_APOPTOTIC_PATHWAY (N01135)";8;NA;"Rejected!"
"MEDICUS_VARIANT_MUTATION_CAUSED_ABERRANT_SOD1_TO_PERK_ATF4_SIGNALING_PATHWAY (N01149)";6;NA;"Rejected!"
"MEDICUS_VARIANT_MUTATION_CAUSED_ABERRANT_SOD1_TO_RETROGRADE_AXONAL_TRANSPORT (N01160)";27;26;""
"MEDICUS_VARIANT_MUTATION_CAUSED_ABERRANT_SPTBN2_TO_MGLUR1_TRPC3_SIGNALING_PATHWAY (N00960)";10;NA;"Rejected!"
"MEDICUS_VARIANT_MUTATION_CAUSED_ABERRANT_TDP43_TO_ELECTRON_TRANSFER_IN_COMPLEX_I (N01136)";45;44;""
"MEDICUS_VARIANT_MUTATION_INACTIVATED_APC_TO_WNT_SIGNALING_PATHWAY (N00057)";12;NA;"Rejected!"
"MEDICUS_VARIANT_MUTATION_INACTIVATED_ATP1A1_TO_ANGIOTENSIN_ALDOSTERONE_SIGNALING_PATHWAY (N00304)";25;23;""
"MEDICUS_VARIANT_MUTATION_INACTIVATED_ATP2B3_TO_ANGIOTENSIN_ALDOSTERONE_SIGNALING_PATHWAY (N00305)";23;21;""
"MEDICUS_VARIANT_MUTATION_INACTIVATED_ATXN3_TO_AUTOPHAGY_VESICLE_NUCLEATION (N00962)";6;NA;"Rejected!"
"MEDICUS_VARIANT_MUTATION_INACTIVATED_AXIN_TO_WNT_SIGNALING_PATHWAY (N00242)";10;NA;"Rejected!"
"MEDICUS_VARIANT_MUTATION_INACTIVATED_DJ1_TO_FAS_JNK_SIGNALING_PATWHAY (N01057)";6;NA;"Rejected!"
"MEDICUS_VARIANT_MUTATION_INACTIVATED_ERBB4_TO_NRG_ERBB4_PI3K_SIGNALING_PATHWAY (N01164)";5;NA;"Rejected!"
"MEDICUS_VARIANT_MUTATION_INACTIVATED_FGF17_TO_RAS_ERK_SIGNALING_PATHWAY (N00877)";15;15;""
"MEDICUS_VARIANT_MUTATION_INACTIVATED_OPTN_TO_PINK_PARKIN_MEDIATED_AUTOPHAGOSOME_FORMATION (N01138)";9;NA;"Rejected!"
"MEDICUS_VARIANT_MUTATION_INACTIVATED_P62_TO_PINK_PARKIN_MEDIATED_AUTOPHAGOSOME_FORMATION (N01139)";13;NA;"Rejected!"
"MEDICUS_VARIANT_MUTATION_INACTIVATED_PDE11A_PDE8B_TO_ACTH_CORTISOL_SIGNALING_PATHWAY (N00323)";20;18;""
"MEDICUS_VARIANT_MUTATION_INACTIVATED_PINK1_TO_ELECTRON_TRANSFER_IN_COMPLEX_I (N01043)";45;44;""
"MEDICUS_VARIANT_MUTATION_INACTIVATED_PINK1_TO_INTRINSIC_APOPTOTIC_PATHWAY_N01048 (N01048)";7;NA;"Rejected!"
"MEDICUS_VARIANT_MUTATION_INACTIVATED_PINK1_TO_INTRINSIC_APOPTOTIC_PATHWAY_N01050 (N01050)";7;NA;"Rejected!"
"MEDICUS_VARIANT_MUTATION_INACTIVATED_PRKAR1A_TO_ACTH_CORTISOL_SIGNALING_PATHWAY (N00322)";18;16;""
"MEDICUS_VARIANT_MUTATION_INACTIVATED_PRKN_TO_INTRINSIC_APOPTOTIC_PATHWAY (N01049)";6;NA;"Rejected!"
"MEDICUS_VARIANT_MUTATION_INACTIVATED_PRKN_TO_MGLUR1_SIGNALING_PATHWAY (N01032)";5;NA;"Rejected!"
"MEDICUS_VARIANT_MUTATION_INACTIVATED_PROK2_TO_PROK_PRKR_GI_ERK_SIGNALING_PATHWAY (N00880)";8;NA;"Rejected!"
"MEDICUS_VARIANT_MUTATION_INACTIVATED_PROKR2_TO_PROK_PRKR_GI_ERK_SIGNALING_PATHWAY (N00881)";8;NA;"Rejected!"
"MEDICUS_VARIANT_MUTATION_INACTIVATED_PTCH1_TO_HEDGEHOG_SIGNALING_PATHWAY (N00010)";29;27;""
"MEDICUS_VARIANT_MUTATION_INACTIVATED_RASD1_TO_CRHR_PKA_ACTH_SIGNALING_PATHWAY (N00325)";27;26;""
"MEDICUS_VARIANT_MUTATION_INACTIVATED_RUNX1_TO_TRANSCRIPTION (N00116)";5;NA;"Rejected!"
"MEDICUS_VARIANT_MUTATION_INACTIVATED_SIGMAR1_TO_CA2_APOPTOTIC_PATHWAY (N01151)";13;NA;"Rejected!"
"MEDICUS_VARIANT_MUTATION_INACTIVATED_TP53_TO_TRANSCRIPTION (N00115)";9;NA;"Rejected!"
"MEDICUS_VARIANT_MUTATION_INACTIVATED_UBQLN2_TO_26S_PROTEASOME_MEDIATED_PROTEIN_DEGRADATION (N01146)";40;40;""
"MEDICUS_VARIANT_MUTATION_INACTIVATED_VCP_TO_26S_PROTEASOME_MEDIATED_PROTEIN_DEGRADATION (N01145)";40;40;""
"MEDICUS_VARIANT_NOTCH_OVEREXPRESSION_TO_NOTCH_SIGNALING_PATHWAY (N00087)";16;15;""
"MEDICUS_VARIANT_OLIGOMERIC_CONFORMATION_PRPC_TO_ANTEROGRADE_AXONAL_TRANSPORT (N01202)";13;NA;"Rejected!"
"MEDICUS_VARIANT_PAX8_PPARG_FUSION_TO_PPARG_MEDIATED_TRANSCRIPTION (N00126)";5;NA;"Rejected!"
"MEDICUS_VARIANT_RET_FUSION_KINASE_TO_RAS_ERK_SIGNALING_PATHWAY (N00008)";11;NA;"Rejected!"
"MEDICUS_VARIANT_SCRAPIE_CONFORMATION_PRPSC_TO_26S_PROTEASOME_MEDIATED_PROTEIN_DEGRADATION (N01197)";36;36;""
"MEDICUS_VARIANT_SCRAPIE_CONFORMATION_PRPSC_TO_MGLUR5_CA2_APOPTOTIC_PATHWAY (N01199)";19;18;""
"MEDICUS_VARIANT_SCRAPIE_CONFORMATION_PRPSC_TO_PERK_ATF4_SIGNALING_PATHWAY (N01198)";6;NA;"Rejected!"
"MEDICUS_VARIANT_SCRAPIE_CONFORMATION_PRPSC_TO_TRANSPORT_OF_CALCIUM (N01200)";18;17;""
"MEDICUS_VARIANT_SCRAPIE_CONFORMATION_PRPSC_TO_VGCC_CA2_APOPTOTIC_PATHWAY (N01201)";6;NA;"Rejected!"
"MEDICUS_VARIANT_TEL_AML1_FUSION_TO_TRANSCRIPTIONAL_REPRESSION (N00118)";11;NA;"Rejected!"
"MEDICUS_VARIANT_TGFA_OVEREXPRESSION_TO_PI3K_SIGNALING_PATHWAY (N00232)";8;NA;"Rejected!"
"MEDICUS_VARIANT_TMPRSS2_ERG_FUSION_TO_TRANSCRIPTIONAL_ACTIVATION (N00128)";7;NA;"Rejected!"
"MEDICUS_VARIANT_TRK_FUSION_KINASE_TO_RAS_ERK_SIGNALING_PATHWAY (N00009)";11;NA;"Rejected!"
"MELANOGENESIS (hsa04916)";101;96;""
"MELANOMA (hsa05218)";71;64;""
"METABOLISM_OF_XENOBIOTICS_BY_CYTOCHROME_P450 (hsa00980)";70;49;""
"MISMATCH_REPAIR (hsa03430)";23;21;""
"MTOR_SIGNALING_PATHWAY (hsa04150)";52;47;""
"NATURAL_KILLER_CELL_MEDIATED_CYTOTOXICITY (hsa04650)";137;101;""
"NEUROACTIVE_LIGAND_RECEPTOR_INTERACTION (hsa04080)";272;198;""
"NEUROTROPHIN_SIGNALING_PATHWAY (hsa04722)";126;122;""
"NICOTINATE_AND_NICOTINAMIDE_METABOLISM (hsa00760)";24;22;""
"NITROGEN_METABOLISM (hsa00910)";23;22;""
"NOD_LIKE_RECEPTOR_SIGNALING_PATHWAY (hsa04621)";62;55;""
"NON_HOMOLOGOUS_END_JOINING (hsa03450)";13;NA;"Rejected!"
"NON_SMALL_CELL_LUNG_CANCER (hsa05223)";54;51;""
"NOTCH_SIGNALING_PATHWAY (hsa04330)";47;45;""
"NUCLEOTIDE_EXCISION_REPAIR (hsa03420)";44;41;""
"N_GLYCAN_BIOSYNTHESIS (hsa00510)";46;46;""
"OLFACTORY_TRANSDUCTION (hsa04740)";389;54;""
"ONE_CARBON_POOL_BY_FOLATE (hsa00670)";17;16;""
"OOCYTE_MEIOSIS (hsa04114)";113;103;""
"OTHER_GLYCAN_DEGRADATION (hsa00511)";16;15;""
"OXIDATIVE_PHOSPHORYLATION (hsa00190)";133;116;""
"O_GLYCAN_BIOSYNTHESIS (hsa00512)";30;28;""
"P53_SIGNALING_PATHWAY (hsa04115)";68;66;""
"PANCREATIC_CANCER (hsa05212)";70;67;""
"PANTOTHENATE_AND_COA_BIOSYNTHESIS (hsa00770)";16;NA;"Rejected!"
"PARKINSONS_DISEASE (hsa05012)";131;118;""
"PATHOGENIC_ESCHERICHIA_COLI_INFECTION (hsa05130)";56;52;""
"PATHWAYS_IN_CANCER (hsa05200)";325;308;""
"PENTOSE_AND_GLUCURONATE_INTERCONVERSIONS (hsa00040)";28;15;""
"PENTOSE_PHOSPHATE_PATHWAY (hsa00030)";27;25;""
"PEROXISOME (hsa04146)";78;76;""
"PHENYLALANINE_METABOLISM (hsa00360)";18;16;""
"PHOSPHATIDYLINOSITOL_SIGNALING_SYSTEM (hsa04070)";76;73;""
"PORPHYRIN_AND_CHLOROPHYLL_METABOLISM (hsa00860)";41;26;""
"PPAR_SIGNALING_PATHWAY (hsa03320)";69;59;""
"PRIMARY_BILE_ACID_BIOSYNTHESIS (hsa00120)";16;NA;"Rejected!"
"PRIMARY_IMMUNODEFICIENCY (hsa05340)";35;28;""
"PRION_DISEASES (hsa05020)";35;33;""
"PROGESTERONE_MEDIATED_OOCYTE_MATURATION (hsa04914)";85;79;""
"PROPANOATE_METABOLISM (hsa00640)";33;31;""
"PROSTATE_CANCER (hsa05215)";89;83;""
"PROTEASOME (hsa03050)";46;43;""
"PROTEIN_EXPORT (hsa03060)";24;23;""
"PROXIMAL_TUBULE_BICARBONATE_RECLAMATION (hsa04964)";23;20;""
"PURINE_METABOLISM (hsa00230)";159;148;""
"PYRIMIDINE_METABOLISM (hsa00240)";98;91;""
"PYRUVATE_METABOLISM (hsa00620)";40;37;""
"REGULATION_OF_ACTIN_CYTOSKELETON (hsa04810)";213;192;""
"REGULATION_OF_AUTOPHAGY (hsa04140)";35;19;""
"RENAL_CELL_CARCINOMA (hsa05211)";70;65;""
"RENIN_ANGIOTENSIN_SYSTEM (hsa04614)";17;15;""
"RETINOL_METABOLISM (hsa00830)";64;38;""
"RIBOFLAVIN_METABOLISM (hsa00740)";16;NA;"Rejected!"
"RIBOSOME (hsa03010)";88;82;""
"RIG_I_LIKE_RECEPTOR_SIGNALING_PATHWAY (hsa04622)";71;51;""
"RNA_DEGRADATION (hsa03018)";59;56;""
"RNA_POLYMERASE (hsa03020)";29;29;""
"SELENOAMINO_ACID_METABOLISM (hsa00450)";26;25;""
"SMALL_CELL_LUNG_CANCER (hsa05222)";84;80;""
"SNARE_INTERACTIONS_IN_VESICULAR_TRANSPORT (hsa04130)";38;33;""
"SPHINGOLIPID_METABOLISM (hsa00600)";39;37;""
"SPLICEOSOME (hsa03040)";127;122;""
"STARCH_AND_SUCROSE_METABOLISM (hsa00500)";52;34;""
"STEROID_BIOSYNTHESIS (hsa00100)";17;17;""
"STEROID_HORMONE_BIOSYNTHESIS (hsa00140)";55;35;""
"SULFUR_METABOLISM (hsa00920)";13;NA;"Rejected!"
"SYSTEMIC_LUPUS_ERYTHEMATOSUS (hsa05322)";139;106;""
"TASTE_TRANSDUCTION (hsa04742)";52;26;""
"TAURINE_AND_HYPOTAURINE_METABOLISM (hsa00430)";10;NA;"Rejected!"
"TERPENOID_BACKBONE_BIOSYNTHESIS (hsa00900)";15;15;""
"TGF_BETA_SIGNALING_PATHWAY (hsa04350)";86;82;""
"THYROID_CANCER (hsa05216)";29;28;""
"TIGHT_JUNCTION (hsa04530)";132;121;""
"TOLL_LIKE_RECEPTOR_SIGNALING_PATHWAY (hsa04620)";102;75;""
"TRYPTOPHAN_METABOLISM (hsa00380)";40;35;""
"TYPE_II_DIABETES_MELLITUS (hsa04930)";47;40;""
"TYPE_I_DIABETES_MELLITUS (hsa04940)";43;29;""
"TYROSINE_METABOLISM (hsa00350)";42;37;""
"T_CELL_RECEPTOR_SIGNALING_PATHWAY (hsa04660)";108;95;""
"UBIQUITIN_MEDIATED_PROTEOLYSIS (hsa04120)";135;129;""
"VALINE_LEUCINE_AND_ISOLEUCINE_BIOSYNTHESIS (hsa00290)";11;NA;"Rejected!"
"VALINE_LEUCINE_AND_ISOLEUCINE_DEGRADATION (hsa00280)";44;43;""
"VASCULAR_SMOOTH_MUSCLE_CONTRACTION (hsa04270)";115;102;""
"VASOPRESSIN_REGULATED_WATER_REABSORPTION (hsa04962)";44;43;""
"VEGF_SIGNALING_PATHWAY (hsa04370)";76;68;""
"VIBRIO_CHOLERAE_INFECTION (hsa05110)";54;51;""
"VIRAL_MYOCARDITIS (hsa05416)";70;57;""
"WNT_SIGNALING_PATHWAY (hsa04310)";151;141;""
